ID,性別,年齢区分,婚姻有無,扶養家族,利用月数,電話ｻｰﾋﾞｽ,回線数,ｲﾝﾀｰﾈｯﾄｻｰﾋﾞｽ,ｾｷｭﾘﾃｨｻｰﾋﾞｽ,ﾊﾞｯｸｱｯﾌﾟｻｰﾋﾞｽ,機器予防ｻｰﾋﾞｽ,ﾃｸﾆｶﾙｻﾎﾟｰﾄ,ｽﾄﾘｰﾐﾝｸﾞｻｰﾋﾞｽ(TV),ｽﾄﾘｰﾐﾝｸﾞｻｰﾋﾞｽ(映画),契約形態,請求書,支払方法,月額支払額,通算支払額,解約
3398-FSHON,2,1,0,0,12,1,2,2,0,1,0,0,1,0,0,1,0,91.3,1094.5,1
1522-VVDMG,1,0,1,1,7,1,1,2,0,1,0,1,1,0,0,1,0,89.75,608.8,1
7853-OETYL,2,0,1,0,4,0,0,1,1,0,0,0,0,0,0,1,0,29.05,129.6,0
4836-WNFNO,2,0,1,0,72,1,2,0,2,2,2,2,2,2,2,0,3,25.0,1849.2,0
5895-QSXOD,1,0,0,0,9,1,1,2,0,0,0,0,0,0,0,0,1,70.05,657.5,0
9419-IPPBE,2,0,1,1,51,1,2,2,0,0,1,0,0,1,1,1,0,90.15,4554.85,0
5186-SAMNZ,1,1,0,0,1,1,1,2,0,0,0,0,0,0,0,1,2,69.5,69.5,1
9367-OIUXP,1,0,0,0,4,1,1,0,2,2,2,2,2,2,0,0,1,20.7,73.05,0
3740-RLMVT,1,1,1,0,67,1,1,1,1,1,0,1,0,0,1,1,2,60.95,4119.4,0
1298-PHBTI,1,0,1,1,71,1,2,2,0,1,0,1,0,0,2,1,0,84.8,6152.4,0
8725-JEDFD,1,0,0,0,27,1,1,2,0,0,0,0,0,0,0,1,1,69.05,1793.25,0
0320-DWVTU,2,0,0,0,53,1,1,2,1,1,1,1,0,1,2,0,1,99.5,5424.25,0
7812-FZHPE,2,0,1,1,17,1,2,0,2,2,2,2,2,2,0,0,1,24.1,409.9,1
1679-JRFBR,2,0,1,1,70,1,2,2,1,1,1,0,1,1,1,1,3,108.15,7930.55,0
2446-BEGGB,2,1,0,0,6,1,2,2,0,1,0,0,1,1,0,1,0,98.25,560.6,1
2045-BMBTJ,2,1,0,0,33,0,0,1,1,1,1,0,1,1,0,1,2,59.45,1884.65,0
2896-TBNBE,1,0,1,0,40,1,1,2,0,1,1,0,0,0,1,0,0,80.8,3132.75,0
4565-NLZBV,2,0,1,0,71,1,2,0,2,2,2,2,2,2,2,1,2,24.65,1710.15,0
0201-MIBOL,2,1,0,0,66,1,2,2,1,0,0,0,1,1,2,1,2,102.4,6471.85,0
1399-UBQIU,1,0,0,0,11,1,1,1,0,0,1,0,1,1,0,1,0,69.35,712.25,0
0484-JPBRU,1,0,0,0,41,1,2,0,2,2,2,2,2,2,0,1,2,25.25,996.45,0
1047-NNCBF,1,0,0,0,20,1,1,2,0,0,0,0,0,0,0,0,3,70.55,1493.55,0
9306-CPCBC,2,0,0,0,3,1,2,2,0,0,0,0,0,0,0,1,0,74.25,210.3,1
1140-UKVZG,2,0,0,0,17,1,2,0,2,2,2,2,2,2,0,0,1,24.8,475.25,0
1750-CSKKM,1,0,0,1,9,1,1,1,0,0,0,0,1,0,0,0,0,55.35,449.75,1
7208-PSIHR,2,0,1,0,70,1,2,2,0,0,1,1,1,1,2,1,2,104.3,7188.5,0
2615-YVMYX,1,1,1,0,71,1,2,2,1,1,1,0,1,1,0,1,0,107.5,7713.55,0
6543-JXSOO,2,0,1,1,23,1,1,1,1,1,0,1,0,0,1,1,1,57.75,1282.85,0
2581-VKIRT,2,0,1,1,59,1,2,1,1,1,0,1,0,0,1,0,1,65.5,3801.3,0
6834-NXDCA,2,0,0,0,13,0,0,1,0,0,0,0,0,0,0,1,0,23.9,300.8,1
7314-OXENN,1,0,0,0,2,1,2,2,0,1,0,0,0,0,0,1,0,82.0,184.65,1
0254-KCJGT,1,0,1,0,52,1,2,1,1,1,1,1,0,1,1,1,3,81.4,4354.45,0
7392-YYPYJ,1,0,0,0,22,1,2,2,0,1,0,0,1,1,0,1,0,100.65,2415.95,0
1929-ZCBHE,1,0,1,1,47,0,0,1,1,0,1,1,0,0,1,0,0,40.3,1794.8,0
0440-QEXBZ,2,0,0,0,44,1,2,1,0,0,0,0,0,0,0,1,1,50.15,2139.1,0
5816-JMLGY,2,0,1,1,70,1,1,1,0,1,1,1,1,1,2,1,2,80.4,5717.85,0
9715-SBVSU,1,0,1,1,14,1,1,1,1,1,0,0,0,1,2,1,2,61.4,815.55,0
3863-QSTYI,1,0,0,0,59,1,1,1,0,0,1,1,1,0,0,1,0,64.65,3735.45,0
3583-KRKMD,1,0,0,0,18,1,1,2,0,0,0,1,0,0,0,1,2,75.9,1373.05,0
7883-ROJOC,2,0,1,0,19,1,1,1,0,0,0,0,0,0,0,0,1,44.9,839.65,0
2603-HVKCG,1,0,0,0,31,1,1,2,0,1,1,0,1,1,0,1,0,101.4,3143.65,0
2839-RFSQE,2,0,0,0,2,1,1,0,2,2,2,2,2,2,0,0,1,20.65,38.7,1
4962-CHQPW,1,0,0,1,29,1,1,0,2,2,2,2,2,2,1,0,1,19.85,535.05,0
3645-DEYGF,1,0,0,1,1,1,1,0,2,2,2,2,2,2,0,0,1,20.75,20.75,0
5433-KYGHE,2,0,0,1,14,1,2,2,1,0,0,1,0,0,0,1,1,86.0,1164.05,0
3027-ZTDHO,1,0,0,0,1,1,1,2,0,0,0,0,1,1,0,1,0,89.9,89.9,1
6283-GITPX,1,0,0,1,71,1,1,1,1,1,1,1,1,0,2,1,3,76.9,5522.7,0
0042-JVWOJ,1,0,0,0,26,1,1,0,2,2,2,2,2,2,1,1,2,19.6,471.85,0
0634-SZPQA,2,0,0,0,23,1,2,2,1,0,0,0,1,0,0,1,2,90.05,2169.8,1
3744-ZBHON,2,0,0,0,3,1,1,0,2,2,2,2,2,2,0,0,0,20.2,65.95,0
4872-JCVCA,2,0,1,0,71,0,0,1,1,1,1,1,0,0,2,1,2,47.6,3377.8,0
4636-JGAAI,1,0,1,0,34,1,2,2,0,1,0,0,0,1,0,0,1,88.85,3000.25,0
9822-OAOVB,2,0,0,0,1,1,1,1,0,0,0,0,0,1,0,1,0,55.45,55.45,0
2983-ZANRP,2,0,1,1,2,1,1,2,0,1,0,0,0,0,0,1,2,73.55,145.4,1
9227-UAQFT,1,0,0,0,16,1,1,0,2,2,2,2,2,2,2,0,1,19.75,284.35,0
6641-XRPSU,2,0,0,0,34,1,1,2,0,0,0,0,0,0,0,1,3,70.0,2416.1,1
2026-TGDHM,2,0,0,0,7,1,1,2,0,0,0,0,0,1,0,1,0,79.3,523.15,1
0956-ACVZC,2,0,0,0,54,1,1,2,0,0,1,0,1,1,1,1,3,94.1,5060.9,0
6950-TWMYB,1,0,1,1,54,1,1,2,0,1,0,1,0,0,2,1,2,79.95,4362.05,0
0015-UOCOJ,2,1,0,0,7,1,1,1,1,0,0,0,0,0,0,1,0,48.2,340.35,0
2558-BUOZZ,1,0,0,0,47,1,2,2,1,1,0,0,1,0,1,0,2,94.8,4535.85,0
7000-WCEVQ,2,1,0,0,20,1,2,1,0,0,0,0,0,1,0,1,1,61.6,1174.35,1
7054-ENNGU,2,0,1,0,9,1,1,1,0,1,0,0,0,0,0,0,1,50.85,466.6,0
3470-BTGQO,1,0,0,1,21,1,1,1,0,0,0,0,0,0,0,0,1,45.65,985.05,0
1987-AUELQ,2,0,1,0,71,1,2,0,2,2,2,2,2,2,2,0,3,25.05,1873.7,0
4163-KIUHY,1,0,0,0,35,1,2,0,2,2,2,2,2,2,0,1,0,25.6,901.25,0
9610-WCESF,1,0,0,0,67,0,0,1,1,0,0,1,1,0,2,0,0,43.9,3097.2,0
7375-WMVMT,1,1,1,0,71,1,1,2,0,1,1,1,0,1,2,1,3,95.5,6707.15,0
4948-WBBKL,2,1,0,0,36,1,2,2,0,0,0,0,0,0,0,1,2,74.9,2659.45,0
7164-BPTUT,1,0,0,1,57,1,2,1,1,1,1,1,1,1,2,0,1,89.55,5012.35,0
5067-DGXLL,1,0,0,0,2,1,1,0,2,2,2,2,2,2,0,0,1,20.25,36.8,0
9488-FVZCC,2,0,1,1,72,1,2,1,1,1,1,1,0,1,2,1,2,79.5,5661.7,0
7576-ASEJU,2,0,1,1,41,1,1,1,1,0,0,1,1,1,1,1,3,74.7,3187.65,0
6873-UDNLD,1,0,0,0,40,1,1,1,1,0,1,0,0,1,0,0,0,67.45,2731.0,0
0668-OGMHD,2,0,1,0,21,0,0,1,1,0,0,0,0,0,0,0,0,28.5,629.35,0
2296-DKZFP,2,0,1,0,65,1,1,1,1,1,1,0,0,1,2,0,2,71.0,4386.2,0
0258-NOKBL,1,0,0,0,3,1,1,2,0,1,1,0,0,1,0,0,0,90.4,268.45,0
6727-IOTLZ,1,0,1,0,14,1,1,1,0,1,1,1,1,1,2,0,1,81.95,1181.75,0
4544-RXFMG,1,0,1,1,8,1,1,1,0,0,0,0,0,0,1,1,1,43.45,345.5,0
3445-HXXGF,1,1,1,0,58,0,0,1,0,1,1,0,0,1,0,1,0,45.3,2651.2,1
5642-MHDQT,2,0,1,1,53,1,1,0,2,2,2,2,2,2,1,1,2,19.85,1039.45,0
8707-HOEDG,2,0,1,1,70,1,2,2,0,1,1,1,1,1,2,1,0,110.2,7689.8,0
8097-OMULG,1,0,1,1,59,1,1,1,0,1,1,1,1,1,1,0,3,76.75,4541.9,0
2135-DQWAQ,2,0,0,0,5,1,1,2,0,1,0,0,1,0,0,1,1,85.3,420.45,0
2931-XIQBR,2,0,1,1,50,1,1,2,0,0,1,1,1,1,1,0,1,103.05,5153.5,0
8784-CGILN,2,0,0,0,18,1,2,2,0,0,0,1,1,1,0,1,2,99.85,1776.95,1
5627-TVBPP,2,0,0,1,35,1,1,0,2,2,2,2,2,2,1,1,3,20.1,644.5,0
2612-PHGOX,1,0,1,0,64,1,2,1,0,1,1,1,1,0,2,1,2,76.1,4818.8,0
2483-XSSMZ,2,0,0,0,39,1,1,1,1,0,0,0,0,0,1,1,0,47.85,1886.4,0
0585-EGDDA,1,0,1,0,40,1,1,2,0,1,1,0,0,0,0,1,0,80.0,3168.75,0
9108-EJFJP,2,0,1,0,1,1,1,1,1,1,0,0,0,0,0,1,1,53.55,53.55,0
5753-QQWPW,2,0,0,0,28,1,1,1,1,1,0,1,0,0,1,1,0,59.9,1654.7,0
6818-DJXAA,2,0,0,1,10,1,1,2,0,0,1,1,1,0,0,1,0,91.1,964.35,0
1810-MVMAI,1,0,1,1,30,1,2,1,1,1,1,1,0,0,0,0,0,67.6,2000.2,0
7551-JOHTI,2,0,0,0,1,1,1,0,2,2,2,2,2,2,0,0,1,19.5,19.5,1
8258-GSTJK,1,1,0,0,3,1,2,2,0,0,0,0,0,0,0,1,0,77.0,237.75,1
0112-QAWRZ,1,0,1,1,16,1,2,2,0,0,1,0,1,0,0,1,2,90.8,1442.2,0
8331-ZXFOE,2,0,0,0,58,1,2,1,1,1,1,1,0,0,1,1,3,71.1,4299.2,0
6786-OBWQR,2,0,1,1,5,1,1,2,0,0,0,0,1,0,0,1,0,80.85,356.1,0
4369-HTUIF,1,1,0,0,6,1,1,2,1,0,0,0,1,0,0,1,2,85.15,503.6,1
3642-BYHDO,2,0,1,1,71,1,1,0,2,2,2,2,2,2,2,0,2,19.9,1389.35,0
0685-MLYYM,2,1,0,0,2,1,1,2,0,0,0,0,0,0,0,0,0,70.75,154.85,1
2274-XUATA,1,1,1,0,72,0,0,1,1,1,1,1,1,1,2,1,2,63.1,4685.55,0
7924-GJZFI,2,1,1,0,25,1,1,2,0,0,0,0,0,0,0,1,0,69.3,1813.1,0
3707-GNWHM,1,0,0,0,1,1,2,2,0,0,0,0,0,0,0,1,1,74.25,74.25,1
7356-IWLFW,1,0,1,1,46,1,2,2,0,1,0,0,0,0,0,1,2,80.0,3769.7,0
5816-SCGFC,2,1,0,0,7,1,1,1,0,1,0,0,0,0,0,1,1,51.3,419.35,0
7321-PKUYW,2,0,0,0,11,1,2,2,0,0,0,1,1,0,0,0,0,90.15,987.95,1
7666-WKRON,2,0,0,0,39,1,1,2,0,0,1,1,0,0,2,1,0,80.45,3201.55,1
9070-BCKQP,2,0,1,0,72,1,2,2,1,0,1,1,1,1,2,1,3,110.15,7881.2,0
1334-PDUKM,2,0,1,0,68,1,2,2,0,1,1,0,0,0,1,0,3,86.45,5762.95,0
6311-UEUME,2,0,0,0,29,1,1,2,0,0,0,0,1,0,0,1,0,78.9,2384.15,1
5542-NKVRU,2,0,0,0,42,1,1,0,2,2,2,2,2,2,2,1,2,20.75,844.45,0
5386-THSLQ,2,1,1,0,66,0,0,1,0,1,1,0,1,0,1,0,2,45.55,3027.25,0
1090-ESELR,1,0,1,1,72,1,1,2,1,1,0,1,1,1,2,0,2,105.5,7611.55,0
1178-PZGAB,2,0,0,0,19,1,1,0,2,2,2,2,2,2,1,0,3,20.25,383.65,0
0921-OHLVP,1,0,0,0,22,1,2,2,0,0,0,0,0,1,0,0,0,83.05,1799.3,0
6827-IEAUQ,2,0,1,1,27,1,1,1,1,1,1,1,0,0,1,0,1,66.15,1874.45,0
0164-XAIRP,2,0,0,0,24,1,1,0,2,2,2,2,2,2,2,1,2,19.55,470.2,0
7739-LAXOG,2,0,1,1,32,1,2,2,0,0,1,0,0,1,0,1,2,91.05,2954.5,1
6923-EFPNL,1,0,0,0,4,1,2,1,0,0,0,0,0,0,0,0,3,51.75,201.1,1
7113-HIPFI,1,0,1,1,66,1,1,1,1,1,1,1,0,0,2,0,1,65.85,4097.05,0
4723-BEGSG,1,0,1,0,72,1,2,1,1,0,1,1,1,1,2,0,3,86.65,6094.25,0
4831-EOBFE,1,0,1,1,29,1,1,2,1,0,0,0,1,1,0,0,3,94.65,2649.15,1
9526-BIHHD,1,0,0,0,1,0,0,1,1,0,0,0,0,0,0,0,1,29.7,29.7,1
7521-AFHAB,2,0,1,1,5,1,1,1,0,0,0,0,0,0,0,0,1,44.8,220.45,0
9674-EHPPG,1,0,1,0,46,0,0,1,1,0,1,1,0,0,2,0,3,40.4,1842.7,0
4316-XCSLJ,1,0,0,1,17,1,1,1,1,0,0,0,0,0,0,1,1,50.3,846.8,0
9172-ANCRX,2,0,0,0,10,1,2,2,1,0,0,0,1,1,0,1,0,98.7,973.25,1
1625-JAIIY,2,0,1,1,68,1,2,2,0,0,0,0,1,0,1,1,0,83.0,5685.8,1
8443-ZRDBZ,1,0,0,0,4,1,2,2,0,0,0,0,0,0,0,1,0,76.05,318.9,1
5135-GRQJV,1,1,1,0,72,1,2,2,1,1,1,1,1,1,2,1,1,114.5,8331.95,0
0343-QLUZP,1,0,0,0,60,0,0,1,1,1,1,0,0,0,2,0,2,39.6,2424.5,0
3190-XFANI,1,0,0,1,49,1,2,2,0,0,0,1,1,1,1,1,2,100.6,5069.65,1
6549-NNDYT,2,0,0,0,13,0,0,1,1,0,0,0,0,0,0,1,2,30.85,394.1,0
7014-ZZXAW,2,0,1,0,71,1,2,0,2,2,2,2,2,2,2,1,3,24.25,1732.95,0
0219-YTZUE,1,0,1,1,4,1,2,2,0,1,1,0,0,0,0,1,2,84.8,371.9,1
8854-CCVSQ,1,0,0,0,18,1,2,2,0,1,0,0,0,0,0,1,0,80.65,1451.9,1
5468-BPMMO,1,0,1,0,46,1,1,0,2,2,2,2,2,2,0,0,0,19.6,851.2,0
0254-WWRKD,2,0,1,1,67,1,1,1,0,1,0,0,0,0,1,0,3,50.55,3431.75,0
0121-SNYRK,1,0,0,0,50,0,0,1,1,0,0,1,0,0,1,1,1,35.4,1748.9,0
7517-LDMPS,2,0,0,0,12,1,1,2,0,1,0,0,0,1,0,1,0,84.6,1017.35,0
3249-VHRIP,2,0,0,0,62,0,0,1,0,1,1,0,0,1,2,1,3,43.6,2748.7,0
9548-LERKT,1,0,1,0,24,1,1,0,2,2,2,2,2,2,2,0,1,19.75,483.15,0
8806-EAGWC,1,0,0,0,3,1,1,1,0,0,0,0,1,0,0,0,1,55.15,159.15,1
6974-DAFLI,2,0,1,0,55,1,1,0,2,2,2,2,2,2,1,0,0,19.7,1140.05,0
5616-PRTNT,1,0,0,1,20,1,1,0,2,2,2,2,2,2,0,1,0,19.4,374.5,1
8992-VONJD,2,0,0,1,13,1,1,1,1,1,0,0,0,0,0,1,0,56.0,764.55,0
7672-VFMXZ,1,0,1,0,57,1,1,1,1,0,0,1,0,0,0,0,0,55.7,3171.6,0
4698-KVLLG,2,1,0,0,51,1,1,0,2,2,2,2,2,2,2,0,3,19.6,967.9,0
5993-BQHEA,1,0,0,0,12,1,1,0,2,2,2,2,2,2,1,0,3,20.05,267.0,0
1342-JPNKI,1,0,0,0,10,1,2,2,0,0,0,0,1,0,0,1,2,86.05,834.1,1
7508-KBIMB,1,0,1,1,24,1,1,1,1,0,1,0,0,0,1,1,3,56.25,1454.25,0
9722-UJOJR,1,0,1,1,29,1,1,2,0,0,0,0,0,0,0,1,0,70.75,1974.8,1
9885-AIBVB,1,0,1,0,29,1,2,2,0,1,1,0,0,0,0,1,0,85.8,2440.25,0
7312-XSBAT,1,0,0,0,1,1,1,1,1,0,0,0,0,0,0,0,0,49.75,49.75,0
7794-JASDG,1,0,0,0,1,1,1,1,1,0,0,0,0,0,0,1,1,50.75,50.75,0
9503-XJUME,1,0,0,1,52,1,1,0,2,2,2,2,2,2,1,0,3,19.65,928.4,0
7074-STDCN,1,0,0,0,39,0,0,1,0,0,0,1,0,1,0,1,0,40.6,1494.5,0
9710-NJERN,2,0,0,0,39,1,1,0,2,2,2,2,2,2,2,0,1,20.15,826.0,0
1131-SUEKT,1,0,1,1,61,1,1,2,0,1,0,1,1,1,1,1,2,98.45,6145.2,0
0691-NIKRI,2,0,0,0,40,1,2,2,0,0,1,1,1,1,1,1,3,105.95,4335.2,0
1768-ZAIFU,2,1,0,0,1,0,0,1,0,0,0,0,0,0,0,1,0,25.2,25.2,1
6407-UTSLV,2,1,0,0,2,1,1,2,0,1,0,0,1,0,0,1,2,83.8,163.7,0
6248-TKCQV,2,0,1,1,70,1,2,1,1,0,0,1,1,1,2,1,2,80.6,5460.2,0
7657-DYEPJ,1,1,0,0,38,1,1,1,0,1,1,1,1,0,1,1,3,70.15,2497.35,1
2346-LOCWC,2,0,1,1,58,1,1,0,2,2,2,2,2,2,2,0,3,20.5,1191.4,0
1414-YADCW,1,0,1,0,70,1,1,2,1,1,0,1,0,0,2,0,2,84.6,5706.2,0
3719-TDVQB,2,1,1,0,54,1,1,0,2,2,2,2,2,2,2,1,1,18.95,1031.1,0
9898-KZQDZ,2,1,1,1,40,1,2,2,0,0,0,0,1,1,0,1,3,94.55,3640.45,1
9244-ZVAPM,1,0,0,0,1,1,1,1,0,0,0,0,0,0,0,0,1,45.6,45.6,0
9667-TKTVZ,2,0,0,0,2,1,2,1,0,0,0,1,0,0,0,1,1,54.35,117.05,0
7841-TZDMQ,1,0,0,0,2,1,1,1,0,0,0,0,0,0,0,1,3,46.0,84.5,1
7339-POGZN,2,0,0,0,4,1,2,1,0,0,0,0,0,0,0,0,0,50.7,214.55,0
2122-SZZZD,1,0,0,0,44,1,1,0,2,2,2,2,2,2,1,0,3,19.5,835.5,0
3787-TRIAL,1,0,1,1,21,0,0,1,0,0,0,0,0,0,0,1,0,26.05,565.75,0
1122-JWTJW,1,0,1,1,1,1,1,2,0,0,0,0,0,0,0,1,1,70.65,70.65,1
7722-VJRQD,1,0,1,1,72,0,0,1,1,0,1,1,1,1,2,0,2,60.95,4549.05,0
5597-GLBUC,2,0,0,0,1,1,1,2,0,0,1,0,1,0,0,1,0,85.45,85.45,1
9931-KGHOA,2,0,1,0,46,1,2,1,1,0,0,0,0,0,0,0,2,55.0,2473.95,0
0818-OCPZO,1,1,0,0,27,1,2,2,0,1,0,0,0,0,0,1,0,81.45,2122.05,1
0697-ZMSWS,1,0,0,0,4,1,2,2,0,0,0,0,0,1,0,1,0,85.65,338.9,1
7516-GMHUV,1,1,1,0,50,1,2,2,1,0,1,0,1,1,2,1,3,105.05,5163.3,0
4013-GUXND,1,0,0,0,1,1,1,0,2,2,2,2,2,2,0,0,1,20.8,20.8,0
5552-ZNFSJ,1,0,0,0,1,1,1,1,0,0,0,0,0,0,0,0,0,45.3,45.3,1
9101-NTIXF,1,0,0,0,2,1,1,0,2,2,2,2,2,2,0,0,1,19.4,50.6,0
9290-SHCMB,2,1,0,0,13,1,1,2,0,0,1,0,1,1,0,1,0,96.85,1235.55,0
7524-VRLPL,1,1,0,0,69,1,2,1,1,0,1,1,0,1,2,0,3,74.1,5031.0,0
2676-SSLTO,1,0,0,0,49,1,2,1,0,0,0,1,1,0,2,1,2,66.15,3199.0,0
7253-UVNDW,2,0,0,0,46,1,1,1,0,0,1,1,0,0,2,0,3,54.35,2460.15,1
2251-PYLPB,1,0,1,0,72,1,2,1,1,1,1,1,0,1,2,0,3,79.55,5810.9,0
6481-ESCNL,2,0,0,0,29,1,2,2,0,0,1,0,1,1,0,0,2,100.55,2878.75,0
6010-DDPPW,1,0,1,0,70,1,2,0,2,2,2,2,2,2,2,0,2,25.15,1940.85,0
4611-ANLQC,2,0,1,0,60,0,0,1,1,1,1,0,0,1,1,0,0,50.05,2911.5,0
1384-RCUXW,1,0,0,0,16,1,2,2,0,1,0,0,0,0,0,1,1,80.55,1248.9,0
5562-BETPV,1,0,1,1,1,1,1,0,2,2,2,2,2,2,1,0,1,19.65,19.65,0
6496-JDSSB,2,0,0,0,8,1,1,2,0,0,0,0,1,0,0,1,2,80.0,624.6,0
2226-ICFDO,2,0,1,1,72,1,2,1,1,0,1,1,1,1,2,1,3,85.9,6110.75,0
5144-TVGLP,1,1,0,0,38,1,2,2,0,0,0,0,1,1,0,0,0,94.75,3653.0,0
7274-RTAPZ,1,0,0,0,1,1,1,2,0,0,0,0,1,1,0,1,0,90.55,90.55,1
7346-MEDWM,2,0,0,0,59,1,2,2,0,1,1,0,0,0,0,1,0,83.25,4949.1,0
6101-IMRMM,1,0,0,1,6,1,1,2,0,0,1,0,1,1,0,0,1,94.5,575.45,1
1452-VOQCH,1,0,0,0,1,1,2,2,0,0,0,0,0,0,0,1,0,75.1,75.1,0
3923-CSIHK,2,1,1,0,50,1,1,2,0,0,0,0,0,0,0,1,0,71.05,3444.85,1
2761-OCIAX,1,1,0,0,2,1,1,2,0,1,0,0,0,0,0,1,0,74.7,165.4,1
2049-BAFNW,2,0,0,0,1,0,0,1,0,0,1,1,0,0,0,0,1,35.9,35.9,0
3565-UNOCC,2,1,1,0,29,1,2,2,0,0,1,0,1,1,0,1,2,99.05,2952.85,1
6917-YACBP,2,1,0,0,59,1,2,2,1,1,1,0,0,0,0,1,0,89.75,5496.9,0
4007-NHVHI,2,1,0,0,56,1,2,2,1,1,0,0,0,1,0,1,0,96.85,5219.65,0
3911-RSNHI,2,0,1,0,71,0,0,1,0,1,1,1,1,1,2,1,3,61.4,4310.35,0
5448-VWNAM,2,0,0,1,19,1,2,1,1,1,0,1,1,0,0,1,1,75.9,1375.6,0
6621-NRZAK,2,0,1,1,63,1,1,0,2,2,2,2,2,2,2,0,3,20.0,1209.25,0
6927-WTFIV,1,1,0,0,20,1,1,2,0,0,0,0,0,0,0,0,3,71.3,1389.2,1
6061-PQHMK,2,0,0,0,25,1,1,0,2,2,2,2,2,2,1,0,3,19.9,527.5,0
7252-NTGSS,2,0,0,0,1,1,1,1,0,0,0,0,0,0,0,0,1,45.15,45.15,0
8075-GXIUB,1,1,1,0,9,1,1,0,2,2,2,2,2,2,1,0,3,19.85,183.15,0
4443-EMBNA,2,0,1,0,71,1,2,0,2,2,2,2,2,2,2,0,2,24.75,1836.9,0
8652-YHIYU,2,0,0,1,16,1,2,2,0,0,0,1,0,0,1,1,3,79.5,1264.2,0
1792-UXAFY,2,1,0,0,17,1,1,2,0,1,1,0,1,0,0,1,0,89.15,1496.9,1
4404-HIBDJ,2,0,0,0,25,1,1,1,1,1,1,1,1,0,1,0,1,74.3,1863.8,1
5970-GHJAW,1,0,1,1,46,1,1,0,2,2,2,2,2,2,2,0,3,19.95,862.4,0
5167-GBFRE,1,1,0,0,4,0,0,1,0,0,0,0,0,0,0,1,2,25.2,102.5,1
9658-WYUFB,2,0,0,0,17,1,2,2,1,1,0,0,1,0,0,1,0,94.4,1617.5,1
2968-SSGAA,2,0,0,0,10,1,2,2,0,0,1,0,1,1,0,1,0,100.6,1060.2,1
2192-OZITF,2,0,0,0,45,1,2,1,1,0,0,1,0,1,2,0,1,73.55,3349.1,0
4455-BFSPD,2,0,1,0,61,1,2,2,0,0,0,1,1,1,1,0,2,101.15,6383.9,0
7240-FQLHE,2,1,1,0,18,1,2,2,0,0,0,1,1,1,0,0,2,99.75,1836.25,1
9199-PWQVC,2,0,1,0,63,1,2,1,1,1,0,0,1,1,1,1,3,79.7,4786.15,0
6064-PUPMC,1,0,1,1,23,1,1,1,1,0,0,1,0,0,1,0,3,57.2,1423.35,0
3750-YHRYO,1,0,1,1,7,1,1,0,2,2,2,2,2,2,1,0,1,20.65,150.0,0
4391-RESHN,1,0,0,0,23,1,2,2,0,0,1,1,1,1,0,1,1,104.05,2470.1,1
5277-ZLOOR,2,1,0,0,2,1,2,2,0,0,0,0,1,0,0,1,0,85.55,187.45,1
9584-EXCDZ,2,0,0,0,17,1,1,2,0,0,0,0,0,0,0,0,2,70.5,1165.6,0
4210-QFJMF,2,0,0,0,4,1,1,2,0,0,0,0,0,1,0,1,0,79.15,317.25,1
3685-YLCMQ,1,0,0,0,58,1,2,2,0,0,1,1,1,1,1,1,0,104.65,6219.6,1
9314-IJWSQ,2,0,1,1,14,1,2,2,0,0,0,0,1,0,0,1,0,84.8,1203.9,0
6339-DKLMK,2,0,0,0,13,0,0,1,0,1,0,0,0,0,0,1,0,31.65,389.95,0
3398-GCPMU,2,1,1,1,72,1,2,1,1,1,1,1,1,1,2,1,3,89.55,6448.85,0
3442-ZHHCC,1,0,0,0,68,1,2,1,1,1,1,0,0,1,1,1,3,76.9,5023.0,0
7975-JMZNT,1,0,1,0,66,1,2,1,1,1,1,1,1,1,2,0,2,91.7,6075.9,0
6651-AZVTJ,1,0,1,1,49,1,2,2,0,0,1,0,1,1,0,1,0,99.8,4872.45,1
8644-XLFBW,1,1,0,0,1,1,1,2,0,0,0,0,0,0,0,1,0,71.65,71.65,1
0327-WFZSY,1,0,1,1,39,1,2,2,0,0,1,0,1,1,1,0,0,100.0,3835.55,0
0520-FDVVT,1,0,0,0,35,1,1,2,0,1,1,0,1,1,1,1,2,102.35,3626.1,1
0810-DHDBD,2,0,0,0,52,1,2,1,1,0,1,1,1,0,1,0,3,74.0,3877.65,0
6032-IGALN,2,0,0,0,1,0,0,1,0,0,0,0,0,0,0,1,1,25.1,25.1,1
3605-JISKB,1,1,1,0,55,1,2,1,1,1,0,0,0,0,1,0,3,60.0,3316.1,0
7647-GYYKX,2,0,1,1,54,1,1,0,2,2,2,2,2,2,2,1,2,20.35,1092.35,0
6925-BAYGL,2,1,1,0,53,1,2,0,2,2,2,2,2,2,2,0,3,25.1,1275.6,0
1525-LNLOJ,1,0,1,1,66,1,2,1,0,0,1,0,1,0,2,1,2,63.3,4189.7,0
5201-FRKKS,1,0,0,0,25,1,1,2,1,0,0,0,0,0,0,0,2,74.3,1952.25,0
2034-GDRCN,2,0,0,0,2,1,1,2,0,0,0,0,1,1,0,1,0,90.4,168.2,1
5832-TRLPB,1,0,0,0,29,1,1,1,0,0,1,1,1,1,1,1,2,75.35,2243.9,0
3752-CQSJI,2,0,1,1,13,1,1,0,2,2,2,2,2,2,0,1,1,20.45,254.5,0
1015-OWJKI,1,0,0,0,1,1,1,0,2,2,2,2,2,2,0,0,1,19.05,19.05,0
5485-WUYWF,1,1,0,0,2,1,1,1,1,0,1,0,1,0,0,0,2,66.4,94.55,1
2379-ENZGV,1,0,0,0,6,1,1,2,0,1,0,0,1,0,0,1,0,84.85,523.5,1
9600-UDOPK,1,0,1,0,30,1,2,2,0,0,0,0,1,1,0,1,3,94.05,2866.45,1
2055-PDADH,2,1,0,0,3,1,1,2,0,0,0,0,0,0,0,1,0,70.4,204.7,1
0362-RAOQO,2,0,0,0,40,1,1,0,2,2,2,2,2,2,2,0,3,19.65,830.25,0
6888-SBYAI,1,0,0,0,1,1,1,1,1,0,0,0,0,0,0,1,1,50.7,50.7,0
2576-HXMPA,2,0,0,0,1,1,1,0,2,2,2,2,2,2,0,0,3,19.55,19.55,0
8563-IIOXK,1,0,1,1,7,1,1,1,1,0,0,0,0,0,1,1,0,49.75,331.3,1
7908-QCBCA,2,0,1,0,1,1,1,2,0,0,0,0,0,0,0,1,1,69.4,69.4,1
3551-HUAZH,1,1,0,0,1,1,2,2,0,0,0,0,0,0,0,1,0,74.4,74.4,1
5274-XHAKY,2,0,1,1,41,1,2,2,1,1,0,0,1,0,0,1,2,94.3,3893.6,0
8129-GMVGI,2,0,1,1,56,1,1,0,2,2,2,2,2,2,2,0,1,20.05,1090.1,0
8992-JQYUN,1,0,1,0,1,0,0,1,0,0,1,0,1,1,0,1,0,50.35,50.35,1
5583-EJXRD,1,0,1,1,44,0,0,1,1,1,1,1,0,1,2,1,3,54.05,2375.2,0
9305-CDSKC,2,0,0,0,8,1,2,2,0,0,1,0,1,1,0,1,0,99.65,820.5,1
4000-VGMQP,1,0,1,1,38,1,2,1,0,1,1,0,1,1,1,0,3,78.95,2862.55,0
7979-CORPM,1,0,0,0,24,1,2,2,0,1,0,0,1,0,0,1,3,90.55,2282.55,1
4833-QTJNO,1,1,1,0,67,1,2,2,1,1,0,0,0,0,0,0,2,83.85,5588.8,0
6439-LAJXL,1,0,1,0,9,1,1,1,1,1,0,1,1,0,0,1,1,68.95,593.85,0
6967-PEJLL,1,0,1,1,37,0,0,1,1,0,1,1,0,0,1,1,0,40.2,1525.35,0
2233-FAGXV,2,0,1,1,5,1,2,0,2,2,2,2,2,2,0,1,1,24.3,132.25,0
4445-KWOKW,2,0,0,0,42,1,2,1,1,1,0,0,0,0,1,1,2,60.15,2421.6,0
8108-UXRQN,2,0,1,1,11,0,0,1,1,0,0,0,1,1,0,0,0,50.55,565.35,0
0397-GZBBC,1,1,1,0,59,1,2,2,0,0,0,0,1,1,0,1,2,93.85,5574.75,1
3658-QQJYD,1,0,0,0,62,1,1,1,1,1,0,0,1,1,1,1,3,74.3,4698.05,0
0661-WCQNQ,1,0,1,0,22,1,1,1,1,0,0,1,0,0,1,1,3,56.25,1292.2,0
0975-VOOVL,2,0,0,0,3,0,0,1,0,1,0,0,0,0,0,0,1,29.2,98.5,0
7771-ZONAT,1,0,0,0,22,0,0,1,0,0,1,1,1,1,2,0,2,56.75,1304.85,0
9220-ZNKJI,2,1,1,0,55,1,1,2,0,0,1,1,1,0,2,0,3,88.8,4805.3,0
6749-UTDVX,1,0,0,0,72,1,2,2,0,1,1,0,1,1,2,1,0,103.65,7634.8,0
3071-MVJCD,1,0,1,1,72,1,2,1,1,1,1,1,1,0,2,0,2,82.3,5815.15,0
5909-ECHUI,2,0,0,0,1,1,1,1,0,0,0,0,0,1,0,1,0,56.25,56.25,1
2706-QZIHY,2,0,1,0,15,1,2,0,2,2,2,2,2,2,2,0,1,25.2,387.9,0
6022-UGGSO,2,1,0,0,32,1,1,2,0,1,0,0,0,0,0,1,0,74.4,2276.95,1
0203-HHYIJ,1,0,0,0,25,1,2,0,2,2,2,2,2,2,1,0,2,25.3,676.35,1
0142-GVYSN,1,0,0,0,26,1,1,0,2,2,2,2,2,2,0,1,0,20.3,511.25,0
7495-OOKFY,2,1,1,0,8,1,2,2,0,1,0,0,0,0,0,1,3,80.65,633.3,1
6356-ELRKD,2,0,0,0,1,1,1,2,1,0,0,0,1,1,0,1,0,95.6,95.6,1
0807-ZABDG,2,0,0,1,3,1,1,1,1,0,0,1,0,0,0,1,1,55.1,154.65,1
0621-JFHOL,2,0,0,0,10,0,0,1,0,0,0,1,0,0,2,1,1,29.6,299.05,0
8457-XIGKN,1,0,0,0,20,1,1,0,2,2,2,2,2,2,0,1,3,19.6,356.15,0
3668-QPYBK,1,0,0,0,2,1,1,1,1,1,0,0,0,0,0,1,1,53.85,108.15,1
5480-HPRRX,2,1,0,0,3,0,0,1,0,0,0,0,0,0,0,0,0,25.3,77.75,1
9369-XFEHK,2,1,1,0,33,1,2,2,0,1,0,0,0,0,0,1,2,80.6,2656.5,1
4277-BWBML,1,0,1,1,72,1,1,0,2,2,2,2,2,2,2,0,2,19.95,1322.85,0
1972-XMUWV,2,0,1,0,65,1,1,1,0,0,0,1,1,0,2,1,3,59.8,3808.2,0
3996-ZNWYK,1,1,1,1,71,1,1,0,2,2,2,2,2,2,2,0,3,19.8,1388.45,0
7905-NJMXS,1,1,1,0,7,1,2,1,1,1,0,1,0,0,0,0,0,64.2,475.0,0
2040-OBMLJ,1,0,0,0,31,1,2,2,0,0,0,1,0,0,1,0,3,81.7,2548.65,0
8752-IMQOS,1,0,1,1,5,1,1,0,2,2,2,2,2,2,1,0,1,20.1,85.1,0
0247-SLUJI,1,0,1,1,1,1,1,0,2,2,2,2,2,2,0,0,1,19.7,19.7,0
7432-FFVAR,2,0,1,1,46,1,1,2,0,0,1,1,0,1,1,0,2,90.95,4236.6,0
5122-CYFXA,2,0,0,0,3,1,1,1,0,1,0,1,1,1,0,1,0,75.3,244.1,0
2088-IEBAU,2,0,0,0,68,1,2,1,1,1,1,1,1,1,2,1,0,88.15,6148.45,0
1343-EHPYB,1,0,1,0,63,1,2,2,0,1,1,0,1,1,0,1,0,103.4,6603.0,1
3583-EKAPL,1,0,0,0,1,1,1,1,0,0,0,0,0,1,0,1,0,55.0,55.0,1
9514-JDSKI,1,1,1,0,1,0,0,1,0,1,0,0,1,0,0,0,0,40.2,40.2,1
0564-MUUQK,2,0,1,1,20,1,2,2,0,0,1,1,0,1,0,1,2,95.5,1916.2,0
0582-AVCLN,2,0,0,0,38,1,1,0,2,2,2,2,2,2,2,0,1,20.3,743.05,0
5707-ORNDZ,1,1,0,0,9,1,2,1,1,0,0,0,0,0,0,0,0,54.55,494.05,1
9489-UTFKA,1,1,1,0,8,1,1,1,1,0,0,0,1,0,0,0,2,60.9,551.95,0
4971-PUYQO,2,0,0,0,27,1,2,2,0,0,0,0,1,1,0,1,1,94.55,2724.6,1
9828-QHFBK,1,0,0,0,24,1,1,1,1,0,0,0,0,0,0,1,0,51.15,1275.7,0
8919-FYFQZ,1,1,1,0,44,0,0,1,0,1,0,0,0,0,0,1,0,30.35,1359.7,1
2984-AFWNC,2,0,0,0,3,1,1,2,0,1,0,0,1,1,0,0,0,95.4,293.15,0
5656-MJEFC,1,0,1,1,42,0,0,1,1,0,1,1,1,0,2,0,3,48.15,2032.3,0
5515-RUGKN,1,0,0,0,8,1,1,1,0,0,0,0,0,1,0,1,3,54.75,438.05,0
5439-WIKXB,1,1,1,0,41,1,1,2,0,1,0,0,1,1,0,1,0,94.55,3851.45,0
0422-OHQHQ,2,0,1,1,15,1,1,0,2,2,2,2,2,2,1,0,1,20.55,295.95,0
1282-IHQAC,1,1,0,0,70,0,0,1,0,1,1,0,1,0,1,1,3,44.05,3011.65,0
8259-DZLIZ,2,0,1,1,64,1,2,1,0,1,0,0,0,0,1,1,2,53.85,3399.85,0
8404-VIOMB,2,0,0,0,66,0,0,1,1,1,1,1,1,1,2,1,2,62.5,4136.4,0
6695-AMZUF,2,0,1,0,70,1,1,1,1,1,1,1,1,1,2,0,3,86.45,5950.2,0
3629-WEAAM,2,0,0,0,8,1,1,1,0,0,1,1,0,1,0,0,1,64.1,504.05,0
3392-EHMNK,2,0,1,1,67,1,2,2,0,1,0,1,1,0,2,0,3,94.1,6302.8,0
8309-IEYJD,2,1,0,0,1,1,1,2,0,0,0,0,0,0,0,1,1,70.6,70.6,0
9518-RWHZL,2,0,0,0,64,1,2,2,0,0,1,0,1,1,1,1,3,100.05,6254.2,1
8345-MVDYC,2,0,0,0,45,1,1,1,1,0,1,1,1,1,2,0,2,81.65,3618.7,0
0356-ERHVT,1,0,1,0,11,1,1,1,0,0,0,0,0,0,0,1,2,45.9,521.9,0
5294-CDGWY,1,0,1,1,51,0,0,1,1,1,1,0,1,1,1,0,0,59.3,3014.65,1
7587-RZNME,1,0,0,0,3,1,1,1,0,0,0,0,0,0,0,1,0,43.3,123.65,1
8816-VXNZD,2,0,0,0,1,1,2,2,0,0,0,0,0,0,0,1,0,75.1,75.1,1
3038-PQIUY,2,0,0,0,38,1,2,1,1,1,1,0,0,0,0,1,2,66.15,2522.4,0
6563-VRERX,1,0,1,1,33,1,1,0,2,2,2,2,2,2,1,0,1,20.6,690.25,0
0674-GCDXG,1,0,0,0,63,1,2,1,1,0,1,1,0,1,2,1,2,71.9,4479.2,0
5914-XRFQB,1,0,1,0,72,1,2,2,1,1,1,1,1,1,2,1,2,115.8,8424.9,0
5465-BUBFA,2,0,1,1,41,1,1,0,2,2,2,2,2,2,2,0,2,19.3,772.4,0
4355-HBJHH,1,0,1,1,67,1,2,1,1,0,1,0,1,1,2,1,0,79.7,5293.4,1
6980-IMXXE,2,0,1,1,69,1,1,0,2,2,2,2,2,2,2,0,2,20.2,1412.65,0
2851-MMUTZ,2,0,0,0,27,1,1,1,0,1,0,1,0,0,0,1,1,56.15,1439.35,0
1150-WFARN,2,0,1,1,67,1,2,2,1,0,1,1,1,1,2,1,3,108.75,7156.2,1
0967-BMLBD,2,0,1,1,11,1,1,0,2,2,2,2,2,2,1,1,1,20.0,196.35,0
4526-EXKKN,1,0,0,0,40,1,2,0,2,2,2,2,2,2,2,1,1,24.6,973.95,0
0997-YTLNY,2,0,0,1,19,1,1,1,0,0,0,1,0,0,0,0,1,48.8,953.65,0
5663-QBGIS,1,1,1,0,72,1,2,2,0,1,0,0,1,1,2,0,2,98.35,6929.4,0
0788-DXBFY,1,0,1,1,58,1,1,0,2,2,2,2,2,2,1,1,0,19.55,1108.8,0
8713-IGZSO,1,0,0,0,2,1,2,0,2,2,2,2,2,2,0,0,1,24.85,62.0,0
8627-EHGIP,1,0,0,0,44,0,0,1,0,1,1,0,1,1,1,1,1,53.95,2375.4,1
3544-FBCAS,2,0,1,1,72,1,2,1,1,1,1,0,1,1,2,1,3,83.6,5959.3,0
4860-YZGZM,1,0,0,0,10,1,1,0,2,2,2,2,2,2,0,0,0,20.0,185.4,0
0596-BQCEQ,2,0,1,1,62,1,1,2,0,1,1,0,1,1,0,1,0,100.15,6283.3,1
9564-KCLHR,1,0,0,0,1,1,1,1,0,0,0,1,0,0,0,0,1,51.25,51.25,1
5524-KHNJP,1,0,1,1,33,1,1,1,1,0,1,0,1,1,1,0,3,74.75,2453.3,0
1699-TLDLZ,2,0,1,1,16,1,1,0,2,2,2,2,2,2,2,0,1,19.7,301.55,0
4128-ETESU,2,1,1,0,47,1,2,2,0,0,1,0,1,1,0,0,0,99.7,4747.2,0
9818-XQCUV,2,0,0,0,2,1,1,0,2,2,2,2,2,2,0,0,1,20.35,45.3,0
9576-ANLXO,2,0,0,0,3,1,1,2,0,0,0,0,0,0,0,1,2,69.55,222.3,1
6738-ISCBM,1,0,0,0,44,0,0,1,1,0,1,0,1,1,1,1,0,54.0,2440.25,0
8100-PNJMH,1,0,1,1,68,1,2,1,1,1,1,1,1,1,2,1,3,88.85,6132.7,0
9475-NNDGC,1,0,1,0,71,1,2,2,0,1,1,1,1,1,1,1,2,113.15,7953.25,0
7550-WIQVA,1,0,1,1,50,1,2,2,1,1,1,0,1,1,1,1,0,108.25,5431.4,0
7526-IVLYU,1,0,0,0,3,1,1,0,2,2,2,2,2,2,0,1,1,19.65,68.35,0
9313-CDOGY,1,0,1,1,38,1,1,0,2,2,2,2,2,2,0,0,0,19.6,717.3,0
6143-JQKEA,1,0,0,0,10,1,1,1,0,0,0,0,0,0,0,1,3,45.8,436.2,0
8249-THVEC,1,0,1,1,51,1,1,0,2,2,2,2,2,2,1,0,1,19.4,997.75,0
5949-XIKAE,2,0,1,1,8,1,1,2,0,1,0,0,1,0,0,1,0,83.55,680.05,1
6122-LJADA,1,0,1,1,70,1,2,1,1,1,1,1,1,1,2,1,3,90.15,6237.05,0
3774-VBNXY,2,0,1,1,64,1,1,0,2,2,2,2,2,2,2,0,1,20.2,1277.75,0
4824-GUCBY,2,1,0,0,22,1,1,2,1,1,0,0,0,0,0,0,0,81.7,1820.9,0
5296-PSYVW,2,0,1,0,72,1,2,0,2,2,2,2,2,2,2,0,0,24.55,1750.7,0
9837-FWLCH,1,0,1,1,12,1,1,0,2,2,2,2,2,2,0,1,0,19.2,239.0,0
3594-BDSOA,2,0,1,0,24,1,1,0,2,2,2,2,2,2,1,0,3,20.4,482.8,0
2038-OEQZH,1,0,0,0,4,1,1,2,0,0,1,0,0,1,0,0,0,86.05,308.1,0
4633-MKHYU,2,0,0,0,9,1,1,2,0,0,0,0,1,1,0,1,1,88.4,788.6,0
8295-KMENE,2,0,1,1,59,1,2,1,1,0,1,1,1,0,2,1,1,76.45,4519.5,0
1599-MMYRQ,1,0,1,1,62,1,1,2,1,1,0,0,0,0,1,1,3,81.45,4983.05,0
3566-CAAYU,2,0,1,1,64,0,0,1,0,1,1,1,0,1,2,0,0,49.85,3210.35,0
4423-YLHDV,2,0,1,0,21,1,2,2,1,0,1,0,1,1,0,1,2,104.4,2200.25,1
9903-LYSAB,1,0,1,0,18,1,2,2,0,0,0,0,0,0,0,1,0,73.15,1305.95,0
5536-RTPWK,1,0,1,0,49,1,2,2,0,1,0,0,1,1,0,1,2,99.05,4853.75,1
2363-BJLSL,1,0,0,0,62,1,1,1,0,1,1,1,1,1,0,1,2,80.4,4981.15,0
6303-KFWSL,2,0,0,0,29,1,2,1,0,1,0,0,0,0,1,1,0,55.25,1620.2,0
9058-HRZSV,2,1,1,0,65,1,1,2,1,1,1,0,0,1,0,0,0,94.4,6126.15,0
6286-ZHAOK,2,0,1,1,20,1,2,0,2,2,2,2,2,2,0,1,2,25.55,507.4,0
6288-LBEAR,2,0,0,0,23,1,1,2,0,1,0,1,0,0,0,1,1,79.1,1783.75,0
3776-EKTKM,2,1,0,0,1,0,0,1,0,0,0,0,1,0,0,1,0,36.45,36.45,1
4742-DRORA,1,0,1,1,60,1,2,2,1,0,1,0,1,0,1,1,2,95.4,5812.0,0
5232-NXPAY,2,0,0,0,47,1,1,1,0,0,1,1,1,1,2,0,1,74.45,3510.3,0
9786-IJYDL,2,0,0,0,35,1,2,2,1,1,1,1,1,1,2,1,1,113.2,3914.05,0
0196-VULGZ,2,1,1,0,6,1,2,2,0,0,0,0,0,1,0,1,0,84.35,474.9,1
2782-JEEBU,1,0,0,0,21,0,0,1,0,1,0,1,0,0,0,1,1,36.0,780.15,0
1468-DEFNC,1,1,1,1,64,1,2,0,2,2,2,2,2,2,2,1,2,24.4,1548.65,0
0067-DKWBL,1,1,0,0,2,1,1,1,1,0,0,0,0,0,0,1,0,49.25,91.1,1
9281-PKKZE,2,0,1,0,46,0,0,1,0,0,0,0,1,1,0,1,0,43.95,2007.85,0
9555-SAHUZ,2,0,1,1,38,1,1,1,1,1,0,0,0,0,0,0,0,54.5,2076.05,0
4282-MSACW,1,0,0,0,68,1,2,2,1,1,1,1,1,1,1,1,3,117.2,8035.95,0
7996-MHXLW,2,0,0,0,66,1,2,0,2,2,2,2,2,2,2,1,3,25.15,1683.6,0
4471-KXAUH,2,0,1,0,42,1,2,2,0,0,1,1,0,0,0,1,0,84.3,3588.4,1
2619-WFQWU,2,0,0,0,1,1,1,2,0,0,0,0,0,0,0,1,1,70.15,70.15,1
7115-IRDHS,2,0,1,0,72,1,2,0,2,2,2,2,2,2,2,0,2,24.65,1830.05,0
2195-ZRVAX,2,0,1,0,47,1,1,2,0,0,1,0,0,1,0,1,0,85.3,4045.65,1
9734-YWGEX,2,0,0,0,9,1,2,2,0,0,1,0,1,1,0,0,3,98.3,923.5,1
1591-MQJTP,1,1,1,0,51,1,2,2,1,0,1,0,0,1,1,1,2,93.65,4839.15,0
8932-CZHRQ,1,0,0,0,68,1,2,1,1,1,1,0,0,1,1,0,3,76.75,5233.25,0
5685-IIXLY,2,0,1,1,5,1,1,2,0,1,0,0,0,1,0,1,0,83.6,404.2,1
7881-EVUAD,2,0,0,0,2,0,0,1,1,1,0,0,0,1,0,1,0,42.6,72.4,1
6234-RAAPL,2,0,1,1,72,1,2,2,1,1,0,1,1,0,2,0,2,99.9,7251.7,0
7488-MXJIV,2,0,0,0,4,1,2,2,0,0,0,0,1,0,0,1,0,85.65,321.65,1
5203-XEHAX,2,0,0,0,34,1,1,1,1,1,0,0,0,1,1,0,0,64.35,2053.05,0
8565-CLBZW,1,0,0,0,24,1,2,2,0,0,1,0,1,0,0,1,1,89.85,2165.05,1
2520-SGTTA,2,0,1,1,0,1,1,0,2,2,2,2,2,2,2,0,1,20.0,0.0,0
7396-VJUZB,1,0,1,1,4,1,1,1,0,0,0,0,0,0,0,0,1,45.25,155.35,0
5995-OIGLP,1,0,0,0,12,1,1,1,1,0,0,1,0,0,0,0,1,56.65,654.85,1
4986-MXSFP,2,0,0,0,2,1,1,0,2,2,2,2,2,2,0,1,1,20.0,40.9,0
3137-NYQQI,1,0,1,0,17,1,1,1,1,1,0,0,0,1,1,0,1,64.8,1175.6,0
2111-DWYHN,1,0,0,0,1,1,1,0,2,2,2,2,2,2,0,0,1,21.1,21.1,0
3655-SNQYZ,2,0,1,1,69,1,2,2,1,1,1,1,1,1,2,0,3,113.25,7895.15,0
7101-HRBLJ,2,0,1,1,72,1,1,1,1,1,1,1,1,1,2,1,2,83.7,6096.9,0
7609-YBPXG,1,0,0,0,54,1,2,1,1,0,1,1,1,1,2,0,2,87.1,4735.2,0
4121-AGSIN,2,0,1,1,58,1,2,0,2,2,2,2,2,2,1,1,3,24.5,1497.9,0
4510-PYUSH,2,1,0,0,38,1,1,1,1,1,0,0,0,0,0,1,3,57.15,2250.65,1
9974-JFBHQ,1,0,0,1,64,1,1,2,0,1,0,1,1,1,0,1,3,99.15,6171.2,0
2027-FECZV,1,0,0,0,12,1,2,2,0,1,1,0,1,1,0,1,0,106.7,1253.9,1
6034-ZRYCV,2,0,1,0,72,0,0,1,0,1,1,0,1,1,2,1,0,54.2,3937.45,1
4847-QNOKA,2,0,0,0,1,1,1,1,0,0,0,0,0,0,0,1,2,44.9,44.9,1
7379-FNIUJ,1,0,0,0,2,1,1,2,1,1,0,0,1,1,0,0,0,100.2,198.5,0
4139-DETXS,2,0,1,1,72,0,0,1,1,1,1,1,1,1,2,0,2,64.45,4528.0,0
5482-VXSXJ,1,0,0,0,22,1,1,2,0,1,0,0,1,1,0,1,1,93.2,2157.3,0
0603-TPMIB,2,0,1,1,59,1,2,0,2,2,2,2,2,2,2,0,1,25.45,1534.05,0
1670-SVOWZ,2,0,1,1,14,1,1,2,0,1,0,1,0,1,0,1,3,89.65,1208.35,1
5575-GNVDE,1,0,0,0,34,1,1,1,1,0,1,0,0,0,1,0,1,56.95,1889.5,0
2823-LKABH,2,0,0,0,18,1,2,2,0,0,1,1,0,1,0,1,2,95.05,1679.4,0
0780-XNZFN,1,0,0,0,57,1,1,0,2,2,2,2,2,2,2,0,2,20.65,1125.6,0
8894-JVDCV,2,0,0,0,62,1,2,2,1,1,1,1,1,1,1,1,3,115.05,7133.45,0
7786-WBJYI,2,0,0,0,4,1,2,2,0,1,0,0,0,0,0,0,2,77.95,305.55,1
6997-UVGOX,1,0,1,1,71,1,1,1,1,1,1,1,1,1,2,0,2,85.45,6029.9,0
5626-MGTUK,2,0,0,0,20,1,2,2,1,0,0,0,1,0,0,1,2,89.1,1879.25,0
8402-EIVQS,1,0,1,0,67,1,1,2,1,1,0,0,1,1,1,1,3,100.9,6733.15,0
9298-WGMRW,2,0,1,0,72,1,2,2,1,1,1,1,1,1,2,1,2,115.5,8312.75,0
6047-YHPVI,1,0,0,0,5,1,1,2,0,0,0,0,0,0,0,1,0,69.7,316.9,1
0975-UYDTX,2,0,1,0,26,1,2,1,1,1,1,1,1,1,1,1,3,90.1,2312.55,0
7781-HVGMK,2,0,1,1,72,0,0,1,1,1,1,1,1,1,2,1,3,65.2,4784.45,0
5684-FJVYR,2,0,1,1,72,1,2,2,1,1,0,1,0,0,2,1,2,90.35,6563.4,0
3338-CVVEH,1,0,0,0,12,1,2,2,0,0,0,0,1,1,0,0,0,94.55,1173.55,0
4431-EDMIQ,2,0,1,1,7,1,1,1,1,1,1,1,1,0,0,1,0,75.7,554.05,0
3057-VJJQE,1,0,0,0,35,1,2,1,1,0,0,0,0,0,2,0,1,55.25,1924.1,0
8752-STIVR,2,0,0,0,4,1,1,2,0,0,0,0,1,0,0,1,0,79.0,303.15,1
2530-FMFXO,1,0,1,1,56,1,2,2,0,0,1,1,1,1,2,1,0,103.2,5873.75,0
9239-GZHZE,2,0,1,0,72,1,2,2,1,1,1,1,1,1,2,1,3,113.65,8124.2,0
4361-JEIVL,1,0,0,1,1,1,1,1,0,0,0,0,0,0,0,1,0,44.4,44.4,1
7537-RBWEA,2,0,0,0,1,0,0,1,0,0,0,0,0,0,0,1,1,25.15,25.15,0
6551-VLJMV,1,0,1,0,34,1,1,0,2,2,2,2,2,2,2,0,3,20.05,679.0,0
2675-OTVVJ,1,1,1,0,31,1,2,2,1,0,0,0,1,0,0,0,0,89.45,2807.65,0
0057-QBUQH,2,0,0,1,43,1,2,0,2,2,2,2,2,2,2,1,0,25.1,1070.15,0
4607-CHPCA,1,0,1,1,25,1,1,2,0,0,0,0,1,1,1,1,0,90.4,2178.6,1
8262-COGGB,1,0,0,0,1,1,1,0,2,2,2,2,2,2,0,1,1,20.45,20.45,0
6383-ZTSIW,2,1,1,0,39,1,1,2,1,1,0,0,1,1,1,0,1,99.1,3877.95,0
0463-TXOAK,1,0,0,1,52,1,2,0,2,2,2,2,2,2,2,0,3,25.6,1334.5,0
2333-KWEWW,1,0,0,0,18,1,1,0,2,2,2,2,2,2,2,0,3,20.05,388.6,0
8205-VSLRB,1,0,1,0,70,1,2,1,1,0,1,1,0,1,2,0,3,77.3,5498.2,0
5168-MQQCA,2,0,1,0,72,1,2,2,0,1,1,1,1,1,1,1,2,108.5,8003.8,0
1302-UHBDD,1,1,0,0,20,1,1,2,0,0,0,0,1,1,0,0,0,89.95,1648.45,0
3301-LSLWQ,2,0,0,0,29,1,2,1,1,0,0,0,0,1,0,1,0,66.1,1912.15,0
9163-GHAYE,2,0,0,0,15,1,1,1,0,1,0,0,0,0,0,0,0,48.85,736.8,0
8329-IBCTI,2,0,0,0,1,1,1,0,2,2,2,2,2,2,0,0,1,19.65,19.65,1
7760-OYPDY,2,0,0,0,2,1,1,2,0,0,0,0,1,0,0,1,0,80.65,144.15,1
4079-WWQQQ,1,0,0,0,72,0,0,1,1,1,1,1,1,1,2,1,2,65.55,4807.45,0
6067-NGCEU,2,0,0,0,65,1,2,2,1,1,1,0,1,1,0,1,3,111.05,7107.0,0
7951-VRDVK,2,0,0,0,36,1,1,1,1,1,1,1,1,1,1,0,2,85.85,3003.55,0
3570-YUEKJ,2,0,0,0,42,1,1,1,0,1,0,0,0,0,0,1,0,49.55,2077.95,0
0870-VEMYL,2,0,0,0,5,1,1,1,1,0,0,1,0,0,0,0,3,53.85,259.8,1
9470-XCCEM,1,0,1,1,35,1,2,2,0,1,0,0,1,0,0,1,2,89.65,3161.6,0
5130-YPIRV,2,0,1,0,62,1,1,1,1,1,1,0,1,0,2,1,3,72.0,4284.2,0
1658-BYGOY,1,1,0,0,18,1,2,2,0,0,0,0,1,1,0,1,0,95.45,1752.55,1
4632-PAOYU,1,0,1,1,22,1,1,0,2,2,2,2,2,2,1,0,1,19.95,433.5,0
6211-WWLTF,1,0,1,0,63,1,1,2,1,0,1,0,1,1,2,0,3,99.7,6330.4,0
6917-IAYHD,1,0,0,1,1,0,0,1,0,1,0,1,0,0,0,0,1,33.6,33.6,0
9114-DPSIA,1,0,1,1,72,1,2,1,1,1,1,1,0,1,2,0,3,81.0,5750.0,0
6818-WOBHJ,2,1,1,0,68,1,2,2,0,1,0,0,0,1,0,1,2,89.6,6127.6,1
1022-RKXDR,2,0,0,0,41,1,2,0,2,2,2,2,2,2,1,1,1,24.85,962.25,0
3865-QBWSJ,1,1,0,1,38,1,2,2,1,0,0,0,0,0,0,1,1,80.45,3162.65,0
8035-BUYVG,1,0,1,0,40,0,0,1,1,1,1,0,0,0,1,1,0,42.35,1716.45,1
6833-JMZYP,2,0,0,0,15,1,1,2,0,0,1,0,1,1,0,1,3,94.0,1505.45,0
4123-FCVCB,2,0,0,0,12,1,2,1,0,0,0,1,1,1,1,1,1,75.85,854.45,0
4742-TXUEX,2,0,1,1,47,1,1,0,2,2,2,2,2,2,2,0,2,19.3,890.5,0
2685-SREOM,2,0,1,1,25,1,2,2,0,0,1,0,0,1,0,1,0,89.1,2368.4,1
9339-FIIJL,1,0,1,0,72,1,2,1,0,1,1,1,1,1,2,0,2,85.95,6151.9,0
9820-RMCQV,2,0,0,0,11,1,1,1,1,0,0,0,0,0,0,0,3,48.55,501.0,1
1265-XTECC,2,1,1,0,68,1,2,2,1,1,0,0,0,1,1,1,3,96.55,6581.9,1
3807-BPOMJ,2,0,1,0,55,1,1,2,1,0,0,0,1,1,1,1,0,94.75,5276.1,0
3213-VVOLG,1,0,1,1,0,1,2,0,2,2,2,2,2,2,2,0,1,25.35,0.0,0
0447-RXSGD,1,0,0,0,24,1,2,2,0,1,0,0,1,1,0,1,2,99.65,2404.85,0
6476-EPYZR,1,0,1,1,12,1,1,0,2,2,2,2,2,2,0,0,1,20.5,255.5,0
8468-EHYJA,2,0,1,0,57,1,2,2,1,0,0,0,1,1,0,1,0,99.65,5497.05,0
1389-WNUIB,2,0,1,1,20,1,2,1,1,0,0,0,1,1,1,0,2,76.0,1588.75,0
1493-AMTIE,1,0,0,0,1,1,1,0,2,2,2,2,2,2,0,1,2,20.2,20.2,1
2985-FMWYF,2,0,0,0,23,1,2,2,0,0,0,0,1,1,0,1,0,93.5,2341.55,0
5380-XPJNZ,2,0,0,0,38,1,1,0,2,2,2,2,2,2,1,0,1,20.05,678.2,0
1498-DQNRX,2,0,1,0,29,1,1,0,2,2,2,2,2,2,0,0,1,19.85,573.05,0
2321-OMBXY,2,0,1,1,38,1,1,1,1,1,0,1,1,1,1,0,3,80.3,3058.65,1
6979-ZNSFF,2,0,0,0,8,1,2,2,0,0,0,0,1,0,0,1,0,87.05,762.1,1
1335-MXCSE,1,0,1,1,55,1,1,1,0,0,1,1,0,0,2,1,3,55.25,3119.9,0
4654-ULTTN,1,0,1,0,70,1,2,1,1,0,1,1,0,1,2,1,3,74.8,5315.8,0
4872-VXRIL,1,0,0,0,56,1,2,1,1,1,0,1,0,0,1,1,2,64.65,3665.55,0
6538-POCHL,1,0,0,0,33,1,1,2,0,1,1,0,0,0,0,1,3,79.0,2576.8,0
3144-KMTWZ,1,0,1,0,71,1,2,2,0,1,1,0,0,1,0,1,2,93.25,6669.45,0
2386-OWURY,2,0,0,0,58,1,1,2,0,0,0,1,1,1,0,1,0,95.3,5817.7,0
5922-ABDVO,2,0,1,0,19,1,2,2,0,0,1,0,0,1,0,0,1,89.65,1761.05,1
5183-SNMJQ,1,0,0,0,10,1,1,2,0,0,0,1,1,1,0,1,3,95.1,865.1,0
5177-RVZNU,2,0,0,1,37,1,1,0,2,2,2,2,2,2,1,0,2,20.3,755.4,0
6418-HNFED,1,0,1,0,51,1,1,1,1,1,1,1,1,1,2,1,3,83.25,4089.45,0
0455-XFASS,2,0,1,1,3,1,1,2,0,0,0,0,0,0,0,1,0,69.55,200.2,0
1751-NCDLI,1,1,1,0,46,1,2,2,0,0,1,0,1,1,0,1,0,98.85,4564.9,0
5973-EJGDP,1,0,0,0,51,1,2,2,0,1,1,1,0,0,0,1,0,87.35,4473.0,0
5944-UGLLK,1,0,0,0,53,0,0,1,0,0,1,1,1,1,1,0,3,54.9,3045.75,0
7821-DPRQE,1,0,1,0,68,1,2,2,1,1,0,1,1,1,0,1,0,107.7,7320.9,0
1247-QBVSH,2,0,1,1,43,1,1,1,0,1,0,0,0,0,0,0,1,50.2,2169.4,0
7361-YPXFS,2,1,0,0,28,1,2,1,0,1,1,1,0,0,0,0,2,64.45,1867.6,0
0823-HSCDJ,1,1,0,0,52,0,0,1,0,1,0,0,1,1,0,1,0,49.15,2550.9,1
5208-FVQKB,1,0,1,0,70,1,1,1,1,1,0,1,0,1,2,0,1,67.95,4664.15,0
8311-UEUAB,2,0,1,1,67,1,2,1,1,0,0,0,1,1,2,1,0,75.5,5229.45,0
0318-QUUOB,1,0,1,0,1,1,1,2,0,0,0,0,1,0,0,1,0,80.55,80.55,1
5590-YRFJT,2,0,1,0,20,0,0,1,0,0,0,0,0,0,0,1,0,24.45,482.8,1
9518-XXBXE,1,1,1,0,10,1,1,2,1,0,0,0,0,0,0,0,0,75.3,720.45,0
1334-FJSVR,1,0,0,0,1,0,0,1,0,0,0,0,0,0,0,1,0,24.25,24.25,1
2640-LYMOV,1,0,0,0,2,1,1,0,2,2,2,2,2,2,0,1,1,19.65,38.8,0
8681-ICONS,1,0,1,1,29,1,1,0,2,2,2,2,2,2,0,1,1,20.65,654.85,0
6218-KNUBD,1,0,0,0,6,1,1,1,0,1,0,0,1,0,0,0,0,59.45,357.6,0
1303-SRDOK,2,0,1,1,55,1,1,2,0,0,0,0,0,0,2,1,3,69.05,3842.6,0
9509-MPYOD,2,0,0,0,35,1,1,0,2,2,2,2,2,2,1,0,1,20.75,700.45,0
9885-MFVSU,2,0,1,1,35,0,0,1,1,0,0,1,1,0,2,1,3,46.35,1662.05,0
9591-YVTEB,1,1,0,0,55,0,0,1,1,1,0,0,1,0,0,1,0,44.85,2479.05,0
5039-LZRQT,2,0,0,0,13,1,1,0,2,2,2,2,2,2,1,0,1,20.2,273.25,0
4021-RQSNY,1,1,1,0,29,1,2,2,0,0,1,0,1,1,0,1,0,98.5,3004.15,1
2180-DXNEG,2,0,0,0,12,1,1,2,0,0,1,0,1,1,0,1,0,96.0,1062.1,1
7873-CVMAW,1,0,0,0,72,1,2,1,1,1,1,1,1,1,2,0,3,88.55,6362.35,0
2207-NHRJK,1,0,0,0,1,1,1,1,0,1,0,0,0,0,0,0,0,50.8,50.8,1
8996-ZROXE,1,1,0,0,57,1,1,1,0,0,1,1,0,0,1,1,0,53.5,3035.8,0
0825-CPPQH,2,0,1,0,71,1,1,0,2,2,2,2,2,2,2,0,3,19.1,1372.45,0
9445-SZLCH,2,0,1,1,36,1,2,2,0,1,1,0,1,0,0,1,2,97.35,3457.9,1
2568-OIADY,2,0,1,0,37,1,2,2,0,0,1,0,1,1,0,1,0,99.5,3762.0,1
4801-JZAZL,2,0,1,1,11,0,0,1,1,0,0,0,0,0,0,1,0,29.6,346.45,0
0787-LHDYT,1,0,0,0,16,1,1,0,2,2,2,2,2,2,0,1,3,20.6,330.25,0
6260-XLACS,1,0,0,0,4,1,1,0,2,2,2,2,2,2,1,0,1,19.7,117.8,0
5474-LAMUQ,1,0,1,0,24,1,1,0,2,2,2,2,2,2,1,0,1,20.1,533.9,0
7665-TOALD,2,0,0,0,1,1,1,2,0,0,0,0,0,0,0,1,0,69.6,69.6,1
4549-ZDQYY,2,0,0,0,52,1,1,1,1,0,1,1,0,0,1,0,3,57.95,3042.25,0
4329-YPDDQ,1,0,0,0,20,1,1,2,1,1,1,1,1,1,0,1,2,108.2,2203.7,0
4891-NLUBA,2,0,1,1,61,0,0,1,0,1,1,1,1,1,2,1,2,61.45,3751.15,0
7272-QDCKA,1,0,0,0,28,1,2,2,0,1,0,0,1,1,1,0,0,100.2,2688.45,0
9840-EFJQB,2,0,0,0,1,1,1,2,0,1,0,0,0,0,0,0,0,74.35,74.35,0
6233-HXJMX,2,0,0,0,45,1,2,2,0,0,1,0,0,1,0,1,3,89.3,4192.15,0
2080-SRCDE,2,0,0,1,1,1,2,0,2,2,2,2,2,2,0,0,1,25.4,25.4,0
9639-BUJXT,1,0,0,0,63,1,1,0,2,2,2,2,2,2,1,0,1,20.5,1328.15,0
3955-JBZZM,1,0,0,0,20,1,1,2,0,0,0,0,1,0,0,0,0,78.8,1641.3,0
7568-PODML,1,0,0,0,1,0,0,1,0,0,0,0,1,1,0,1,1,45.3,45.3,1
1045-LTCYT,2,0,1,1,8,1,1,0,2,2,2,2,2,2,0,0,3,21.05,139.75,0
4712-AUQZO,1,0,0,0,18,0,0,1,1,0,1,0,0,0,0,0,1,33.6,550.35,0
4760-THGOT,2,0,1,0,43,1,2,2,1,1,0,0,0,1,0,1,0,94.1,4107.3,0
0691-IFBQW,2,1,0,0,46,1,2,2,1,1,1,0,1,1,1,1,0,110.0,4874.8,1
6416-TVAIH,1,0,1,1,1,1,1,2,0,0,0,0,0,0,0,1,0,68.5,68.5,1
7112-OPOTK,1,0,0,0,33,1,1,2,0,0,0,0,0,0,0,0,0,68.25,2171.15,1
2359-KMGLI,1,0,0,0,24,1,2,2,0,1,0,0,0,0,0,1,0,80.25,1861.5,1
7520-HQWJU,2,0,1,1,66,1,2,1,1,1,1,0,0,0,0,1,2,67.45,4508.65,0
7469-LKBCI,1,0,0,0,16,1,1,0,2,2,2,2,2,2,2,0,3,18.95,326.8,0
1875-QIVME,2,0,1,0,2,1,2,2,0,0,1,1,1,1,0,1,0,104.4,242.8,1
6996-KNSML,2,0,0,0,1,1,1,2,0,0,1,0,0,0,0,1,0,74.9,74.9,1
0365-GXEZS,1,0,1,0,18,1,1,2,0,0,1,1,0,0,0,0,0,78.2,1468.75,0
4676-WLUHT,1,0,0,0,54,0,0,1,1,1,0,0,0,1,2,0,2,46.2,2431.95,0
8735-SDUFN,2,1,1,0,72,1,2,0,2,2,2,2,2,2,2,0,2,24.3,1778.7,0
8910-LEDAG,1,1,1,0,34,1,1,2,0,0,0,0,0,0,0,0,3,71.55,2427.35,0
9995-HOTOH,1,0,1,1,63,0,0,1,1,1,1,0,1,1,2,0,0,59.0,3707.6,0
3034-ZBEQN,2,0,1,0,48,0,0,1,0,1,1,0,0,0,1,0,1,34.7,1604.5,1
8883-GRDWQ,1,1,0,0,20,1,1,1,1,0,0,1,0,0,1,0,1,54.0,1055.9,0
7349-ALMUX,1,0,0,0,37,1,1,1,1,1,1,1,0,0,2,0,2,65.6,2313.8,0
0402-OAMEN,2,0,1,1,72,1,2,0,2,2,2,2,2,2,2,0,2,24.45,1709.1,0
2188-SXWVT,2,0,0,0,34,1,1,1,1,1,0,0,0,0,1,0,1,55.0,1885.15,0
4584-LBNMK,1,1,1,0,45,1,2,0,2,2,2,2,2,2,1,0,3,24.7,1174.35,0
9259-PACGQ,2,0,1,0,34,1,2,1,1,1,0,1,0,0,0,0,0,62.65,2274.9,1
8314-HTWVE,2,0,1,1,7,1,1,0,2,2,2,2,2,2,2,0,1,19.85,144.15,0
3137-LUPIX,2,0,0,0,4,1,2,1,0,0,0,1,1,0,0,1,1,64.4,253.0,0
9140-CZQZZ,2,0,1,0,68,1,1,1,1,1,0,1,1,1,2,1,2,79.6,5515.8,0
2397-BRLOM,1,1,1,1,8,1,1,2,0,0,0,0,1,0,0,1,3,80.45,583.45,1
3295-YVUSR,1,1,0,0,2,1,2,2,0,0,0,0,0,0,0,1,1,72.6,154.3,0
7337-CINUD,2,0,1,1,8,1,1,0,2,2,2,2,2,2,2,0,2,19.5,159.35,0
5055-BRMNE,2,0,1,1,67,1,2,2,1,0,0,1,1,1,2,0,3,106.7,7009.5,0
9779-DPNEJ,2,0,1,1,22,1,1,2,0,0,0,0,0,1,0,1,0,80.15,1790.65,0
2977-CEBSX,2,0,0,0,66,1,2,1,1,1,1,1,1,1,2,1,3,90.05,5965.95,0
2239-CFOUJ,1,0,1,1,1,1,1,0,2,2,2,2,2,2,1,0,1,20.4,20.4,0
3050-RLLXC,2,0,1,1,56,1,2,1,1,1,1,1,1,0,2,0,3,81.25,4620.4,0
0961-ZWLVI,1,0,0,1,49,1,2,2,1,1,1,0,1,1,1,1,3,109.2,5290.45,0
0455-ENTCR,1,0,1,0,66,1,2,1,1,1,0,1,1,1,2,0,0,85.25,5538.35,0
5028-HTLJB,1,1,0,0,1,1,1,0,2,2,2,2,2,2,0,0,1,20.05,20.05,1
6181-AXXYF,1,0,1,1,72,1,2,0,2,2,2,2,2,2,2,0,3,24.75,1859.1,0
7833-PKIHD,1,0,1,1,51,1,1,1,1,0,0,1,1,1,1,1,2,76.4,3966.3,0
6122-EFVKN,1,0,0,1,24,0,0,1,1,0,0,1,0,0,2,0,1,35.75,830.8,0
6637-KYRCV,2,0,1,1,5,0,0,1,0,1,0,0,0,0,0,1,0,30.5,167.2,0
9624-EGDEQ,2,0,0,0,37,1,1,0,2,2,2,2,2,2,2,0,1,19.8,813.3,0
4189-NAKJS,1,0,0,0,26,1,2,1,0,0,0,0,0,0,1,1,3,51.55,1295.4,0
1043-YCUTE,1,0,1,0,56,1,2,0,2,2,2,2,2,2,2,1,3,25.15,1327.15,1
7088-FBAWU,2,0,1,1,17,1,1,1,1,1,0,0,1,1,0,0,1,74.55,1215.8,0
6821-BUXUX,2,0,0,0,13,1,2,2,1,1,0,0,1,0,0,1,0,96.65,1244.5,1
9426-SXNHE,2,0,0,0,2,1,1,0,2,2,2,2,2,2,0,0,2,18.75,53.15,0
0883-EIBTI,2,0,0,0,2,1,1,0,2,2,2,2,2,2,0,0,1,19.5,31.55,1
6595-COKXZ,2,0,0,0,1,1,1,1,0,0,0,0,0,0,0,1,1,44.45,44.45,1
0942-KOWSM,2,0,1,1,30,1,1,1,0,1,1,1,1,1,2,0,2,80.8,2369.3,0
0348-SDKOL,2,0,1,0,58,1,2,2,0,0,1,1,1,1,0,1,3,102.1,5885.4,1
2123-AGEEN,2,1,0,0,7,1,1,2,0,0,1,0,1,0,0,1,0,84.35,609.65,0
5074-FBGHB,1,0,0,0,64,1,2,2,0,0,1,1,1,1,1,1,3,104.65,6889.8,0
5231-FIQPA,2,0,0,0,41,1,1,0,2,2,2,2,2,2,2,1,1,19.85,810.45,0
8125-QPFJD,2,0,1,0,72,1,2,1,1,0,1,1,1,1,2,1,2,84.9,6065.3,0
0431-APWVY,2,0,1,1,28,1,1,2,0,0,0,0,1,1,1,1,2,90.1,2598.95,1
7998-WNZEM,1,0,0,0,71,1,2,1,1,1,1,1,0,1,2,0,2,80.6,5708.2,0
9927-DSWDF,1,0,1,0,22,1,1,2,1,1,0,1,1,1,0,1,0,104.6,2180.55,0
3424-NMNBO,1,1,1,0,58,1,2,2,1,1,1,0,1,1,1,1,0,108.85,6287.25,1
9867-JCZSP,2,0,1,1,17,1,1,0,2,2,2,2,2,2,1,0,1,20.75,418.25,0
3594-IVHJZ,2,0,0,0,2,1,1,0,2,2,2,2,2,2,0,1,1,20.45,42.45,0
2955-BJZHG,1,0,1,1,17,1,1,2,0,0,0,0,1,0,0,0,0,80.85,1400.85,1
8434-PNQZX,2,0,0,0,42,1,2,1,0,0,1,1,1,1,2,1,3,78.45,3373.4,0
8246-SHFGA,1,0,0,0,17,1,1,0,2,2,2,2,2,2,0,0,3,21.1,385.55,0
7315-WYOAW,1,0,0,0,13,1,2,2,0,0,0,1,1,1,0,0,0,100.75,1313.25,0
3563-SVYLG,1,0,1,1,68,1,1,1,1,1,1,1,0,0,2,0,3,62.65,4375.8,0
7638-QVMVY,2,0,0,0,7,1,1,2,0,0,0,0,1,0,0,1,0,79.0,522.95,1
3308-JSGML,1,1,1,0,59,0,0,1,1,0,1,1,1,1,2,1,3,64.05,3886.85,0
8884-ADFVN,1,1,1,0,7,1,2,2,0,0,1,0,1,1,0,1,0,101.95,700.85,1
2858-EIMXH,2,1,1,0,53,1,2,2,0,0,0,0,1,1,1,1,3,95.85,5016.25,0
4644-PIZRT,1,0,1,1,17,1,2,1,1,0,1,0,1,0,1,1,2,70.35,1201.65,0
7779-LGOVN,1,1,1,0,10,1,2,2,0,0,0,0,0,1,0,1,0,86.65,856.65,1
5549-ZGHFB,1,0,1,1,50,1,2,0,2,2,2,2,2,2,2,0,1,24.95,1261.45,0
0322-YINQP,1,0,0,0,1,1,1,1,1,0,0,0,0,0,0,1,1,48.55,48.55,1
8622-ZLFKO,2,0,1,0,6,1,2,2,0,1,0,0,0,1,0,1,0,90.75,512.25,0
7129-CAKJW,2,0,0,0,17,1,2,2,0,0,1,0,0,0,0,0,2,80.05,1345.65,0
9361-YNQWJ,2,0,0,0,64,1,2,0,2,2,2,2,2,2,1,1,2,24.4,1601.2,0
2266-SJNAT,2,0,1,0,72,1,2,2,0,1,1,1,1,1,1,0,3,109.15,7789.6,0
7860-KSUGX,1,0,1,1,72,1,2,1,1,1,1,0,0,0,2,0,3,64.45,4720.0,0
6284-AHOOQ,1,1,0,0,22,1,2,2,0,0,0,1,1,0,0,1,2,90.5,1910.6,1
8219-VYBVI,1,0,0,1,39,1,2,0,2,2,2,2,2,2,2,0,1,25.0,1004.35,0
4342-HENTK,2,1,0,0,2,1,1,2,0,0,0,0,0,0,0,1,0,70.65,142.35,1
9191-MYQKX,2,0,1,0,7,1,1,2,0,0,1,0,0,0,0,1,2,75.15,496.9,1
3398-ZOUAA,1,1,1,0,21,1,1,2,0,0,0,0,0,0,0,1,0,69.1,1474.75,1
7521-YXVZY,1,0,0,1,3,1,1,0,2,2,2,2,2,2,0,0,1,19.95,58.3,0
4844-JJWUY,2,1,0,0,1,1,1,2,0,1,0,0,0,1,0,1,0,86.0,86.0,1
2193-SFWQW,1,0,1,1,72,1,1,2,1,1,1,1,1,1,2,0,2,111.95,8033.1,0
8917-SZTTJ,1,0,1,1,60,1,1,0,2,2,2,2,2,2,2,0,3,19.65,1161.75,0
3167-SNQPL,1,1,1,1,38,1,2,2,0,1,0,0,1,1,0,0,0,101.15,3741.85,0
8898-KASCD,1,0,0,0,39,0,0,1,0,0,1,1,0,0,1,0,1,35.55,1309.15,0
3956-MGXOG,2,0,0,0,28,1,1,2,0,0,0,0,0,1,0,1,0,80.6,2244.95,0
1167-OYZJF,2,1,1,0,67,1,1,0,2,2,2,2,2,2,2,1,2,20.05,1263.05,0
7912-SYRQT,2,0,0,0,7,1,2,2,0,0,0,0,0,0,0,1,2,75.1,552.95,1
8510-TMWYB,2,0,1,1,54,1,2,1,0,1,1,0,0,0,2,1,2,59.8,3246.45,0
4274-OWWYO,1,0,0,0,1,1,1,2,0,1,0,0,0,0,0,1,0,74.35,74.35,1
1915-OAKWD,2,0,0,1,16,1,1,0,2,2,2,2,2,2,1,1,2,19.3,360.35,0
0130-SXOUN,1,0,0,0,66,1,2,2,0,1,0,0,0,1,0,0,3,89.4,5976.9,0
0430-IHCDJ,1,0,0,0,15,1,2,1,0,0,0,0,0,0,0,1,0,49.0,749.25,0
4456-RHSNB,2,0,1,1,19,1,1,1,0,0,1,0,0,0,0,1,2,49.6,962.9,0
7729-JTEEC,1,0,1,1,2,1,1,1,0,0,0,0,0,0,0,1,0,44.5,90.05,0
6421-SZVEM,2,0,1,1,28,1,1,2,1,0,0,0,0,1,1,1,2,82.85,2320.8,0
7446-YPODE,1,1,0,0,11,1,2,1,1,1,0,0,0,0,0,0,2,60.25,662.95,0
9351-LZYGF,2,0,1,0,42,1,2,1,1,1,0,1,0,0,0,1,3,66.4,2727.8,0
6923-AQONU,1,0,1,1,23,1,1,0,2,2,2,2,2,2,2,0,1,20.9,454.0,0
6072-NUQCB,1,0,1,1,22,1,1,0,2,2,2,2,2,2,1,0,2,20.25,488.25,0
7294-TMAOP,2,0,0,0,1,1,1,2,0,0,0,0,1,1,0,0,0,90.55,90.55,1
0643-OKLRP,2,1,1,0,47,1,2,2,1,0,0,0,0,0,0,0,0,80.35,3825.85,1
3011-WQKSZ,1,0,0,1,19,1,1,0,2,2,2,2,2,2,0,1,0,20.0,377.55,0
9500-LTVBP,2,0,0,0,35,1,2,2,0,0,0,1,0,0,0,0,3,80.05,2835.9,0
5533-NHFRF,1,1,0,0,7,0,0,1,0,1,0,1,0,1,0,1,0,44.4,265.8,0
3030-YZADT,1,0,0,0,9,1,1,1,0,0,0,0,0,0,0,0,1,44.95,431.0,1
4587-VVTOX,2,0,1,0,6,1,2,2,0,1,1,0,1,1,0,1,0,105.3,545.2,1
0859-YGKFW,1,0,1,1,18,1,1,0,2,2,2,2,2,2,1,0,2,20.05,345.9,0
8625-AZYZY,1,0,1,0,24,1,2,2,0,1,1,0,1,1,0,1,0,104.65,2542.45,1
8498-XXGWA,2,0,1,0,65,1,1,1,1,0,1,0,0,0,0,1,1,55.15,3673.15,0
7359-PTSXY,1,0,0,0,1,1,1,1,0,0,0,0,0,0,0,0,0,45.75,45.75,1
8395-ETZKQ,1,1,1,1,68,1,1,0,2,2,2,2,2,2,1,0,2,19.5,1193.55,0
5405-ZMYXQ,2,0,0,0,8,1,2,2,0,0,0,0,0,0,0,1,3,74.6,548.9,0
9506-UXUSK,1,0,0,0,13,1,1,2,0,0,0,0,0,0,0,1,0,70.15,931.75,0
3200-MNQTF,1,0,1,0,67,1,2,1,1,1,1,1,0,0,2,0,3,70.9,4677.1,0
2883-ILGWO,1,1,0,0,57,1,2,2,0,1,0,1,1,1,0,1,2,104.9,5913.95,0
6510-UPNKS,2,0,0,0,23,1,2,0,2,2,2,2,2,2,1,0,3,24.8,615.35,0
6680-NENYN,2,0,0,0,43,1,2,2,0,1,1,0,1,1,2,1,0,104.6,4759.85,1
8565-WUXZU,1,1,1,0,72,1,1,2,1,1,0,1,0,0,2,1,3,84.8,6141.65,0
5701-YVSVF,2,1,1,0,11,1,1,2,0,0,0,1,1,0,0,1,0,82.9,880.05,0
9972-EWRJS,2,0,1,1,67,1,1,0,2,2,2,2,2,2,2,1,2,19.25,1372.9,0
1963-SVUCV,1,0,0,0,1,1,1,1,0,0,0,0,0,0,0,0,0,45.3,45.3,1
8216-AZUUZ,2,0,1,1,42,1,1,2,0,0,1,1,1,1,2,1,0,100.4,4303.65,0
3966-HRMZA,2,1,0,0,3,1,1,2,0,0,1,0,0,0,0,0,1,75.05,202.9,0
2819-GWENI,2,0,1,1,28,1,1,0,2,2,2,2,2,2,1,0,1,19.9,543.0,0
4929-ROART,1,0,0,0,18,1,2,1,1,0,0,0,0,0,0,0,1,56.25,969.85,0
5868-YTYKS,1,0,0,1,1,1,1,0,2,2,2,2,2,2,0,1,1,20.25,20.25,0
4075-WKNIU,2,0,1,1,0,1,2,1,0,1,1,1,1,0,2,0,1,73.35,0.0,0
7026-YMSBE,1,0,0,0,30,1,1,0,2,2,2,2,2,2,1,0,1,19.7,625.05,0
0434-CSFON,2,0,1,0,47,1,2,2,0,0,1,0,1,1,0,1,0,100.5,4707.1,0
1814-DKOLC,2,0,0,0,5,1,2,0,2,2,2,2,2,2,0,0,1,25.45,134.75,0
2212-LYASK,1,0,1,1,27,0,0,1,0,1,1,0,0,1,1,1,3,45.85,1246.4,0
5445-UTODQ,2,0,1,0,7,1,1,2,0,0,0,0,1,0,0,1,0,81.1,576.65,1
1395-OFUWC,1,0,1,1,43,0,0,1,0,1,0,0,0,0,0,0,3,29.3,1224.05,0
0895-DQHEW,1,0,1,0,54,1,2,2,0,1,1,0,1,1,0,1,0,104.3,5278.15,1
8100-HZZLJ,2,0,0,1,43,1,1,1,1,1,0,0,0,1,0,1,0,63.95,2737.05,0
9619-GSATL,2,0,0,0,43,1,1,1,0,1,0,1,0,0,1,0,0,55.45,2444.25,0
1600-DILPE,2,0,0,0,12,1,1,1,0,0,0,0,0,0,0,1,2,45.0,524.35,0
6784-XYJAE,2,0,0,0,36,1,2,1,0,0,1,0,0,0,1,0,0,55.8,1941.5,0
6308-CQRBU,2,0,1,0,71,1,2,2,0,1,1,1,1,1,2,0,0,109.25,7707.7,0
0428-IKYCP,1,0,1,0,22,1,1,2,0,0,1,0,1,0,0,1,2,87.0,1850.65,0
4220-TINQT,2,0,1,0,61,1,2,2,0,0,1,1,1,1,0,1,0,106.35,6751.35,0
1725-MIMXW,1,0,0,1,1,1,1,0,2,2,2,2,2,2,0,1,1,19.45,19.45,1
4881-GQJTW,1,0,0,0,14,1,1,0,2,2,2,2,2,2,0,0,3,19.6,300.4,0
3351-NGXYI,2,1,0,0,16,1,2,1,1,0,0,0,0,0,0,1,0,54.1,889.0,0
8685-WHQPW,2,1,0,0,22,1,2,2,0,0,0,0,0,0,0,1,2,74.4,1692.6,1
5522-JBWMO,1,0,0,1,1,1,1,1,0,0,0,0,0,0,0,0,0,44.0,44.0,0
0988-JRWWP,2,0,0,0,3,1,1,1,0,0,0,0,1,0,0,1,0,54.2,140.4,0
6304-IJFSQ,1,0,0,0,3,1,1,1,0,1,0,0,0,0,0,1,1,49.9,130.1,1
1273-MTETI,2,1,0,0,4,1,2,2,0,0,1,0,0,1,0,1,0,88.85,372.45,1
3108-PCCGG,1,1,1,0,72,1,2,1,1,1,1,0,1,1,2,0,3,84.45,5899.85,0
3230-WYKIR,1,0,0,0,18,1,2,1,0,0,1,1,1,1,1,1,3,82.0,1425.45,1
3120-FAZKD,1,0,1,1,54,1,2,0,2,2,2,2,2,2,2,1,2,24.05,1230.9,0
4580-TMHJU,2,0,1,1,43,1,1,1,0,0,0,0,1,0,0,0,0,56.15,2499.3,1
8429-XIBUM,1,0,0,0,22,1,2,2,1,0,0,0,1,1,0,1,2,101.35,2317.1,1
6371-NZYEG,1,0,1,1,16,1,1,1,1,0,1,0,1,0,2,0,1,64.25,1024.0,0
8314-DPQHL,1,0,0,0,9,0,0,1,1,0,1,1,0,1,1,0,1,50.8,463.6,0
0234-TEVTT,2,0,1,1,48,0,0,1,1,0,1,0,0,1,1,0,3,45.0,2196.3,0
9079-YEXQJ,2,0,0,0,54,1,2,2,0,1,1,1,1,1,0,0,0,111.1,6014.85,1
2001-MCUUW,1,0,0,0,46,1,2,2,0,1,1,1,1,1,2,0,0,108.65,4903.2,0
3545-CNWRG,2,0,1,1,49,1,2,2,0,1,0,0,1,1,0,1,0,98.35,4889.2,0
0147-ESWWR,2,1,1,0,39,1,2,2,0,0,0,1,1,1,0,1,0,101.25,3949.15,0
0133-BMFZO,2,0,0,0,2,1,1,2,1,1,0,1,0,0,0,1,0,86.25,181.65,1
7267-FRMJW,2,0,1,1,25,1,1,0,2,2,2,2,2,2,2,0,1,20.1,486.05,0
5619-PTMIK,2,0,1,0,46,1,2,1,1,0,0,0,0,0,0,0,0,53.1,2459.8,0
5088-QZLRL,1,0,0,0,1,1,1,0,2,2,2,2,2,2,0,0,0,20.65,20.65,0
5976-JCJRH,1,0,1,0,10,1,1,2,0,0,0,0,0,0,0,1,0,70.3,738.2,1
0820-FNRNX,1,0,1,1,17,1,2,1,0,1,1,1,0,0,0,1,1,66.7,1077.05,0
4884-LEVMQ,1,0,1,0,39,1,1,0,2,2,2,2,2,2,2,1,2,20.45,790.0,0
3985-HOYPM,1,0,0,0,26,1,1,0,2,2,2,2,2,2,1,0,1,19.4,525.55,0
9300-AGZNL,1,1,0,0,1,1,2,2,0,0,0,0,1,1,0,1,0,94.0,94.0,1
7017-VFHAY,2,0,1,1,61,1,2,2,1,1,1,1,1,1,2,0,3,115.1,7008.15,0
5939-SXWHM,1,0,1,1,48,1,2,0,2,2,2,2,2,2,2,0,2,26.3,1245.05,0
2999-AANRQ,2,0,0,0,21,1,1,1,1,1,0,1,1,0,2,0,3,71.05,1524.85,0
6789-HJBWG,2,0,0,0,12,1,1,1,0,1,0,0,0,0,0,1,0,49.4,611.65,0
2834-JKOOW,2,0,0,0,15,0,0,1,1,1,1,1,0,0,1,0,1,45.9,693.45,0
3811-VBYBZ,1,0,0,0,7,1,2,2,0,1,0,0,1,1,0,1,0,99.8,673.25,1
8515-OCTJS,2,0,0,0,25,1,2,0,2,2,2,2,2,2,2,0,3,24.75,692.1,1
3494-JCHRQ,1,0,0,0,1,1,1,2,0,0,0,0,0,0,0,1,0,70.05,70.05,1
0515-YPMCW,1,0,0,1,1,1,1,2,0,0,0,0,0,0,0,1,1,70.45,70.45,1
3422-WJOYD,1,0,1,0,28,1,1,1,1,0,0,1,0,0,1,0,1,54.35,1426.45,0
0060-FUALY,2,0,1,0,59,1,2,2,1,1,0,0,1,0,0,1,0,94.75,5597.65,0
7036-ZZKBD,1,0,1,0,31,1,1,1,0,0,1,1,0,1,0,1,3,66.4,2019.8,0
4588-YBNIB,2,0,0,0,1,1,1,0,2,2,2,2,2,2,0,1,1,19.6,19.6,1
5609-CEBID,2,1,0,0,20,1,2,2,0,1,1,0,0,1,0,1,0,94.1,1782.4,1
2382-BCKQJ,2,0,0,1,62,1,2,2,0,0,1,0,1,1,1,1,0,100.15,6413.65,1
5640-CAXOA,2,0,0,0,30,0,0,1,0,0,0,1,0,1,1,1,3,40.35,1187.05,0
2632-UCGVD,1,1,1,0,66,1,2,2,0,0,0,1,1,1,0,1,3,100.05,6871.9,1
1096-ADRUX,2,0,1,1,66,1,2,2,0,0,0,0,0,0,1,1,2,74.25,4859.25,0
7932-WPTDS,2,1,1,0,1,0,0,1,0,0,0,0,0,0,0,1,0,24.8,24.8,1
2303-PJYHN,2,0,1,0,2,1,1,0,2,2,2,2,2,2,0,0,2,19.85,52.0,0
1222-LRYKO,1,0,0,1,6,1,2,0,2,2,2,2,2,2,0,0,1,26.35,184.05,0
8265-HKSOW,2,0,1,1,72,1,2,2,1,1,1,1,0,1,2,0,3,107.45,7658.3,0
6582-PLFUU,1,0,1,1,51,1,1,0,2,2,2,2,2,2,2,0,3,19.55,1086.75,0
4795-KTRTH,2,1,1,0,5,1,2,2,0,1,0,0,0,0,0,1,0,81.0,371.65,1
4673-KKSLS,2,0,0,0,31,1,1,2,1,0,1,1,0,0,0,0,0,87.6,2724.25,0
2150-WLKUW,2,0,1,0,40,1,2,1,0,1,0,0,1,0,1,0,2,63.9,2635.0,0
0411-EZJZE,2,0,0,0,3,1,2,1,0,0,0,0,1,0,0,1,0,60.25,170.5,0
6110-OHIHY,1,0,0,0,3,1,1,2,0,0,0,0,1,0,0,0,0,79.25,267.6,1
0030-FNXPP,2,0,0,0,3,1,1,0,2,2,2,2,2,2,0,0,1,19.85,57.2,0
2876-VBBBL,2,0,0,0,1,1,1,0,2,2,2,2,2,2,0,1,1,20.25,20.25,1
9221-OTIVJ,2,1,0,0,14,1,2,2,0,1,1,0,1,1,0,1,0,104.85,1531.4,1
8439-LTUGF,1,0,0,0,10,1,1,0,2,2,2,2,2,2,0,1,3,20.0,198.6,0
0376-OIWME,1,0,1,0,36,1,1,2,1,0,0,0,1,1,0,1,0,93.6,3366.05,0
2688-BHGOG,1,1,0,0,9,1,1,2,0,0,0,0,0,1,0,1,0,79.55,718.55,0
6908-VVYHM,1,0,1,0,65,1,2,2,0,1,0,0,0,1,0,1,0,90.65,5931.0,0
5598-IKHQQ,2,0,0,0,72,1,2,0,2,2,2,2,2,2,2,0,3,25.45,1866.45,0
8746-BFOAJ,1,1,0,0,21,1,1,0,2,2,2,2,2,2,1,0,2,20.5,429.55,0
3423-HHXAO,2,0,1,1,14,1,1,0,2,2,2,2,2,2,1,1,1,19.5,272.0,0
7587-AOVVU,1,0,1,1,27,1,2,2,1,1,0,1,1,0,0,0,0,100.75,2793.55,0
2842-JTCCU,1,0,0,0,2,1,1,1,0,0,0,0,0,0,0,0,2,46.05,80.35,1
8976-OQHGT,2,0,1,1,4,1,1,1,0,1,0,1,0,0,0,0,1,56.5,235.1,1
0999-QXNSA,1,1,0,1,7,1,1,1,0,0,0,0,0,0,0,1,1,45.75,344.2,0
5977-CKHON,2,0,1,1,43,1,2,2,0,0,1,0,0,1,0,1,2,92.55,4039.0,0
8104-OSKWT,2,0,0,0,12,1,2,2,1,0,0,0,0,0,0,1,0,79.8,1001.2,0
8966-KZXXA,1,0,1,1,36,1,2,0,2,2,2,2,2,2,2,0,3,25.1,930.95,0
0869-PAPRP,2,1,1,0,26,1,1,2,0,0,1,0,1,0,0,1,3,85.7,2067.0,0
6689-VRRTK,2,1,0,0,44,1,2,2,1,1,1,0,1,1,1,1,3,109.8,4860.35,0
9039-RBEEE,1,0,0,0,39,0,0,1,1,1,0,1,1,0,0,1,3,48.95,1880.85,1
0407-BDJKB,1,0,1,0,60,1,2,2,0,1,1,0,1,0,0,1,0,95.75,5742.9,1
4871-JTKJF,2,1,0,0,1,1,1,2,0,0,0,0,0,0,0,1,0,69.65,69.65,1
5043-TRZWM,2,0,0,0,1,1,1,2,0,0,1,0,0,0,0,0,0,75.55,75.55,0
2824-MYYBN,2,0,1,1,37,1,2,2,0,0,0,0,1,1,0,1,0,95.25,3314.15,0
7427-AUFPY,1,0,0,0,54,1,1,0,2,2,2,2,2,2,2,0,3,19.65,1008.7,0
7901-TBKJX,1,1,0,0,56,1,2,2,0,0,1,0,1,1,0,1,0,101.05,5594.0,0
0080-OROZO,2,0,0,0,35,1,1,2,0,0,1,1,1,1,1,1,0,99.25,3532.0,0
4636-QRJKY,2,0,1,1,6,1,2,2,0,0,0,1,0,0,0,1,0,80.5,502.85,1
5318-IXUZF,2,0,0,0,2,1,1,2,0,1,0,0,1,0,0,1,2,87.15,183.75,1
5919-TMRGD,2,0,0,1,1,1,1,2,0,0,0,0,1,0,0,1,0,79.35,79.35,1
1373-ORVIZ,2,0,1,1,11,1,2,1,0,0,0,1,0,1,0,1,0,66.35,740.8,1
3967-VQOGC,2,0,1,1,67,1,2,0,2,2,2,2,2,2,2,1,1,24.9,1680.25,0
3340-QBBFM,1,1,1,0,36,1,1,1,0,0,1,1,0,0,1,0,3,54.1,1992.85,0
5572-ZDXHY,2,0,0,0,22,1,1,2,0,1,0,0,0,1,0,1,1,84.3,1855.65,1
4074-SJFFA,2,0,0,0,1,1,1,1,0,0,0,0,0,1,0,1,1,54.75,54.75,1
3729-OWRVL,1,1,0,0,65,1,2,2,1,0,1,1,1,1,2,1,0,110.35,7246.15,0
4451-RWASJ,1,0,1,1,15,1,1,0,2,2,2,2,2,2,1,1,1,19.5,239.75,0
9730-DRTMJ,1,0,1,0,32,1,2,1,1,0,0,1,1,0,1,1,3,72.8,2333.05,0
9993-LHIEB,1,0,1,1,67,1,1,1,1,0,1,1,0,1,2,0,1,67.85,4627.65,0
6859-QNXIQ,2,0,1,1,72,1,2,2,1,1,1,1,1,1,2,1,2,113.1,8248.5,0
0795-XCCTE,1,1,0,0,72,1,2,0,2,2,2,2,2,2,2,0,2,25.4,1809.35,0
6257-RJOHI,1,0,0,0,4,1,1,1,0,0,0,1,0,0,0,1,1,50.8,202.3,0
2834-SPCJV,1,0,1,0,52,1,1,2,1,0,0,0,1,0,0,0,0,84.1,4348.65,1
4919-MOAVT,1,0,0,1,3,1,1,2,0,0,0,0,0,0,0,0,0,69.65,220.1,1
7858-GTZSP,2,0,0,0,12,1,2,2,0,0,0,0,0,1,0,1,0,86.55,1066.9,0
1397-XKKWR,1,0,0,0,7,0,0,1,1,0,1,0,0,0,1,0,1,35.3,264.8,0
5917-HBSDW,2,0,1,1,37,1,1,0,2,2,2,2,2,2,0,0,0,19.35,683.75,0
3766-EJLFL,2,0,1,1,68,1,2,2,1,0,1,1,1,1,2,1,2,109.05,7508.55,0
4182-BGSIQ,2,0,1,1,10,1,1,0,2,2,2,2,2,2,0,1,2,19.8,196.75,0
5297-MDOIR,2,0,1,0,63,1,1,2,1,0,1,0,0,0,1,1,3,81.15,5224.5,0
7321-KKSDU,1,0,0,1,32,1,1,0,2,2,2,2,2,2,2,0,1,20.5,696.8,0
3315-IKYZQ,1,0,1,1,28,0,0,1,1,0,1,1,1,0,1,0,1,50.8,1386.8,0
2239-CGBUZ,2,0,1,0,51,1,1,1,1,1,0,1,0,0,1,1,2,60.5,3145.15,0
9350-ZXYJC,2,0,0,0,4,1,2,0,2,2,2,2,2,2,2,1,3,25.3,116.95,0
7486-KSRVI,1,0,0,0,43,1,2,2,0,0,0,1,1,1,1,1,0,100.0,4211.55,1
7249-WBIYX,1,0,1,0,10,1,2,2,0,0,0,0,1,0,0,1,0,85.6,813.85,1
0959-WHOKV,1,0,0,0,42,1,2,2,1,1,1,0,0,1,1,1,0,99.0,4298.45,0
3234-VKACU,1,0,0,0,2,1,1,1,0,0,0,1,1,1,0,0,0,70.3,132.4,0
3373-YZZYM,1,0,1,1,1,1,1,0,2,2,2,2,2,2,0,0,1,19.2,19.2,0
9919-KNPOO,2,0,1,0,21,1,2,2,0,0,0,0,1,1,0,1,0,94.3,1948.35,0
1093-YSWCA,1,0,0,0,11,1,1,0,2,2,2,2,2,2,2,0,3,19.55,223.15,0
3739-YBWAB,1,0,1,0,36,0,0,1,1,0,1,0,0,0,1,0,1,35.35,1317.95,0
6425-YQLLO,2,1,1,0,66,1,2,2,0,0,1,1,1,1,1,1,3,105.95,6975.25,1
9541-ZPSEA,1,0,1,1,68,1,1,2,1,0,1,0,0,0,2,0,3,80.35,5375.15,0
4989-LIXVT,1,1,0,0,68,1,2,2,0,1,1,0,0,1,0,1,0,95.9,6503.2,0
7379-POKDZ,1,0,1,0,3,1,1,2,0,0,0,0,0,0,0,1,0,70.3,208.85,1
2300-RQGOI,2,0,0,0,38,1,1,0,2,2,2,2,2,2,2,0,1,20.05,741.5,0
4208-UFFGW,1,1,0,0,2,1,1,1,0,0,0,0,0,0,0,0,1,44.95,85.15,1
6408-OTUBZ,2,0,0,0,66,1,2,2,1,1,1,1,1,0,1,1,2,104.55,6779.05,0
1834-WULEG,1,0,1,1,24,1,1,0,2,2,2,2,2,2,1,0,1,20.25,439.75,0
4458-KVRBJ,1,0,0,0,59,1,2,0,2,2,2,2,2,2,2,0,1,25.0,1510.5,0
3950-VPYJB,1,0,1,1,57,1,1,1,1,1,0,1,0,0,1,0,1,59.6,3509.4,0
3316-UWXUY,1,0,0,0,50,1,1,2,1,1,0,1,0,1,0,1,3,93.5,4747.5,0
1307-TVUFB,1,1,0,0,42,1,2,2,0,1,0,0,0,0,0,1,2,79.35,3344.1,0
4767-HZZHQ,1,0,1,1,30,1,1,2,0,1,1,0,0,0,0,0,2,82.05,2570.2,0
3946-MHCZW,1,0,0,0,1,1,1,1,0,0,1,0,0,0,0,0,1,50.9,50.9,1
1731-TVIUK,2,0,0,0,4,1,2,2,0,1,0,1,0,1,0,1,0,93.5,362.2,1
2840-XANRC,1,1,1,0,24,1,1,2,0,0,1,0,1,1,0,1,0,93.15,2231.05,1
8714-EUHJO,2,0,1,1,31,1,2,2,0,1,0,0,0,1,0,1,0,91.15,2995.45,1
5614-DNZCE,2,0,0,0,58,1,1,1,1,1,1,1,0,0,2,1,3,64.9,3795.45,0
3717-OEAUQ,1,0,0,0,2,1,1,2,0,0,0,0,0,0,0,0,1,70.7,129.2,0
1576-PFZIW,1,1,1,0,70,1,1,2,1,1,1,0,1,1,2,0,3,105.35,7511.9,0
3096-WPXBT,2,0,1,1,61,1,2,2,1,1,1,0,0,1,1,1,3,100.7,6018.65,0
2796-NNUFI,2,0,1,1,46,1,1,0,2,2,2,2,2,2,2,1,1,19.95,927.1,0
3638-DIMPH,2,0,1,0,13,1,1,1,0,0,0,0,0,0,1,0,0,43.8,592.65,0
5449-FIBXJ,1,0,1,1,19,1,2,2,0,0,1,1,1,1,0,0,0,103.3,2012.7,1
4324-AHJKS,2,0,0,0,5,1,1,1,1,0,1,0,0,0,0,0,3,55.8,300.4,0
2229-DPMBI,2,0,1,1,8,1,1,0,2,2,2,2,2,2,2,0,1,19.5,162.15,0
1084-MNSMJ,2,0,1,1,51,1,1,1,1,1,1,1,1,1,2,0,3,85.5,4421.95,0
4143-OOBWZ,1,0,1,0,5,1,2,2,0,1,0,0,0,0,0,1,0,81.3,416.3,1
5183-KLYEM,2,0,0,0,72,1,2,2,1,1,1,1,1,1,2,1,3,112.75,8192.6,0
7824-PANSQ,1,0,0,0,58,1,2,2,0,0,0,1,0,0,0,0,2,80.65,4807.35,0
8374-UULRV,1,0,0,0,72,1,2,1,1,1,0,1,1,1,2,0,3,86.05,6309.65,0
1122-YJBCS,1,0,1,0,69,1,1,1,1,1,0,0,0,0,1,1,3,53.65,3804.4,0
4658-HCOHW,2,0,1,1,21,1,1,2,0,1,1,1,1,1,0,1,0,102.8,2110.15,1
8849-AYPTR,1,0,1,0,33,1,1,2,0,0,0,0,1,1,0,0,0,91.25,2964.05,0
2359-KLTEK,2,0,1,1,41,1,1,2,0,0,1,0,1,1,0,1,2,94.9,3848.0,0
5019-GQVCR,1,1,0,0,43,1,2,2,0,0,0,0,1,0,0,1,0,84.85,3645.6,0
5930-GBIWP,1,0,0,0,69,1,2,1,1,1,1,1,0,1,2,1,3,81.5,5553.25,0
7776-QGYJC,2,0,1,1,39,1,1,2,0,0,1,1,0,0,0,1,2,81.5,3107.3,0
3896-ZVNET,2,0,1,1,24,1,2,0,2,2,2,2,2,2,2,0,1,24.7,571.75,0
2845-HSJCY,2,0,1,1,14,1,2,2,0,0,1,0,0,1,0,1,0,87.25,1258.6,1
9617-INGJY,1,0,0,0,1,1,1,2,0,0,0,0,0,0,0,1,1,70.6,70.6,0
1106-HRLKZ,1,0,1,1,40,1,1,0,2,2,2,2,2,2,2,0,1,19.6,808.95,0
5149-QYTTU,2,0,1,1,71,1,2,2,1,1,1,1,0,0,1,1,3,95.15,6770.85,0
6097-EQISJ,2,0,1,1,66,1,2,2,0,1,1,0,1,1,1,1,3,102.45,6615.15,1
8699-ASUFO,1,1,1,0,7,1,2,2,0,0,0,0,0,0,0,1,1,74.4,527.9,1
6551-ZCOTS,1,1,0,0,33,1,2,0,2,2,2,2,2,2,1,1,2,24.9,847.8,0
5681-LLOEI,1,0,1,1,43,1,2,2,1,0,1,1,0,0,1,1,3,91.25,4013.8,0
1657-DYMBM,1,0,1,0,53,1,1,0,2,2,2,2,2,2,2,0,3,19.9,1110.05,0
8382-SHQEH,2,0,1,0,8,1,2,2,0,0,0,0,0,1,0,1,0,84.9,764.95,1
6467-CHFZW,1,0,1,1,47,1,2,2,0,1,0,0,1,1,0,1,0,99.35,4749.15,1
7586-ZATGZ,1,0,0,0,40,1,2,2,0,0,0,0,1,0,0,1,0,84.9,3369.05,0
1559-DTODC,1,0,0,0,19,0,0,1,0,0,0,0,0,0,0,1,2,25.15,468.35,0
5447-WZAFP,2,0,0,0,53,1,1,2,0,1,1,0,1,1,1,1,1,100.3,5200.8,0
2930-UOTMB,2,0,0,0,31,1,2,1,1,0,1,1,0,0,0,0,3,65.25,1994.3,1
8590-YFFQO,1,0,1,0,70,1,1,1,1,1,1,1,0,0,2,0,3,64.95,4523.25,0
1293-BSEUN,2,0,1,1,72,1,1,0,2,2,2,2,2,2,2,1,1,20.7,1482.3,0
8085-MSNLK,2,0,1,0,62,1,2,2,1,1,1,1,1,1,2,0,1,113.95,6891.4,0
6508-NJYRO,1,0,1,0,15,1,1,0,2,2,2,2,2,2,1,0,1,18.8,294.95,0
6140-QNRQQ,1,0,0,0,1,1,1,2,0,0,0,0,0,0,0,1,1,71.55,71.55,1
0936-NQLJU,2,0,1,0,41,1,1,0,2,2,2,2,2,2,2,0,3,20.65,875.55,0
8519-IMDHU,1,1,1,0,15,1,2,2,0,0,0,0,0,1,0,1,2,85.6,1345.55,1
4016-BJKTZ,2,0,0,0,25,1,2,2,0,1,1,1,1,1,2,0,0,108.9,2809.05,0
4981-FLTMF,2,0,1,1,57,1,2,1,1,1,0,1,0,0,0,0,2,65.2,3687.85,0
7636-PEPNS,2,0,1,1,58,1,1,1,0,0,0,0,0,0,1,1,1,44.1,2413.05,0
1732-FEKLD,2,0,0,0,54,1,2,2,0,1,1,0,1,0,1,1,2,94.75,5121.75,0
1142-IHLOO,2,0,0,0,51,1,1,2,0,0,0,0,1,1,1,0,3,87.55,4475.9,0
6169-PGNCD,2,0,0,0,57,1,1,1,1,1,1,1,1,0,2,1,3,74.3,4166.35,0
4186-ZBUEW,2,0,0,0,36,1,2,1,0,1,0,1,0,1,1,1,1,70.7,2511.95,0
6100-QQHEB,1,0,1,1,17,1,2,2,0,0,0,0,1,1,0,1,0,92.55,1515.1,1
2753-JMMCV,1,0,0,0,65,1,2,1,0,1,1,1,0,1,2,1,3,74.2,4805.65,0
4390-KYULV,1,0,1,0,3,1,1,0,2,2,2,2,2,2,0,1,3,20.55,51.15,1
8295-FHIVV,1,0,0,0,7,1,1,0,2,2,2,2,2,2,0,1,1,19.4,168.65,0
0308-GIQJT,1,1,0,0,71,1,2,2,0,1,0,1,1,1,1,0,2,105.75,7382.85,0
3580-GICBM,2,0,1,1,61,1,2,0,2,2,2,2,2,2,2,1,1,24.2,1445.2,0
4512-ZUIYL,2,0,0,0,2,1,1,2,0,0,0,0,0,0,0,0,2,70.0,153.05,1
9685-WKZGT,1,1,0,0,14,1,2,2,0,0,0,0,0,0,0,1,0,74.95,1036.75,1
2990-OGYTD,2,0,1,0,67,1,2,1,0,1,1,1,1,1,2,0,2,86.15,5883.85,0
2720-WGKHP,1,1,0,0,2,1,2,2,0,0,0,0,1,1,0,1,0,94.0,181.7,1
5158-RIVOP,2,0,1,1,11,1,1,0,2,2,2,2,2,2,2,0,3,20.9,202.3,0
8606-CIQUL,1,1,1,1,72,1,2,2,1,1,1,1,1,1,2,1,3,115.75,8399.15,0
5959-BELXA,1,1,0,0,32,1,2,2,0,0,0,0,1,1,0,1,3,96.15,3019.25,1
8645-KWHJO,1,0,0,0,14,0,0,1,0,0,1,1,1,1,0,1,0,55.0,771.95,0
6114-TCFID,2,0,0,0,29,0,0,1,1,1,0,1,0,0,1,0,3,39.5,1082.75,0
6946-LMSQS,1,1,1,0,25,1,2,2,1,0,0,0,0,1,1,1,0,89.05,2177.45,1
7382-DFJTU,1,0,0,0,18,1,1,1,0,0,1,1,0,0,0,0,3,55.2,1058.1,0
7632-YUTXB,2,0,1,1,25,1,1,0,2,2,2,2,2,2,1,0,1,20.05,520.1,0
9089-UOWJG,2,0,1,1,12,1,1,1,0,0,1,0,1,0,0,1,3,58.35,740.55,0
5647-FXOTP,2,1,1,0,60,1,2,2,0,1,1,0,1,1,0,1,0,105.9,6401.25,0
8242-SOQUO,2,1,0,0,5,1,1,2,0,1,0,0,1,0,0,1,0,84.7,392.5,0
9825-YCXWZ,2,1,0,0,41,1,1,2,0,0,1,1,1,1,1,1,2,101.1,4016.2,0
5716-EZXZN,2,0,1,1,65,1,2,2,1,1,0,1,1,0,2,1,3,99.05,6416.7,0
5271-DBYSJ,1,1,0,0,11,1,1,2,0,0,0,0,0,1,0,1,3,79.15,827.7,0
7511-YMXVQ,1,0,0,0,9,0,0,1,0,0,0,0,1,1,0,1,0,45.4,418.8,1
3908-BLSYF,2,0,0,0,6,1,1,2,0,0,1,0,0,1,0,0,0,83.9,497.55,1
5382-TEMLV,1,0,0,0,45,1,1,1,1,0,0,0,0,0,0,1,2,50.9,2298.55,0
9675-ICXCT,1,0,1,1,72,1,1,1,1,0,1,1,1,1,2,1,0,80.8,5728.55,0
2737-WFVYW,2,0,0,0,2,0,0,1,0,0,0,0,1,1,0,1,0,45.25,85.5,1
1338-CECEE,1,0,1,1,41,1,2,1,0,1,1,0,1,0,1,0,2,68.5,2839.95,0
7244-QWYHG,1,0,1,0,50,0,0,1,1,0,0,1,1,0,1,1,2,44.45,2188.45,0
4709-LKHYG,2,0,1,1,29,1,1,0,2,2,2,2,2,2,1,0,0,20.0,540.05,0
9763-PDTKK,2,0,0,0,4,1,1,2,1,0,1,1,0,1,0,1,2,94.4,387.2,1
4378-MYPGO,1,0,1,1,68,1,1,2,1,1,1,0,1,1,2,1,2,105.25,7173.15,0
3198-VELRD,2,0,1,1,3,1,2,2,0,0,0,0,0,1,0,1,2,84.75,264.85,1
3049-NDXFL,2,0,0,0,1,1,2,2,0,0,0,0,0,1,0,0,1,85.8,85.8,1
5161-UBZXI,1,0,1,1,69,1,1,2,1,1,0,1,1,1,2,1,3,106.35,7261.75,0
2292-XQWSV,1,0,1,1,40,0,0,1,0,1,1,1,1,1,1,0,1,60.3,2448.5,0
2739-CCZMB,1,0,0,1,5,1,1,0,2,2,2,2,2,2,0,0,3,20.35,122.0,0
0471-ARVMX,2,1,1,0,62,1,2,2,1,0,1,0,1,1,1,1,0,104.85,6312.9,0
5743-KHMNA,1,0,0,0,71,1,2,0,2,2,2,2,2,2,2,0,2,25.55,1898.1,0
8221-EQDGL,1,0,1,0,35,1,1,1,1,1,1,0,0,0,0,0,1,61.0,2130.45,0
0136-IFMYD,1,1,1,0,69,1,2,2,0,1,1,1,1,1,2,1,0,109.95,7634.25,0
5949-HGVJL,2,0,1,0,26,1,1,1,0,1,0,1,1,1,0,1,0,73.05,1959.5,0
2139-FQHLM,1,0,0,0,19,1,1,2,0,0,1,1,1,0,0,0,1,89.95,1682.4,0
2242-MFOTG,1,0,0,0,33,1,2,2,1,0,0,0,0,0,1,0,2,80.1,2603.3,0
5360-XGYAZ,1,0,1,1,72,0,0,1,1,1,1,1,1,1,2,1,2,65.65,4664.5,0
1984-GPTEH,2,0,0,0,29,1,2,0,2,2,2,2,2,2,0,0,0,25.15,702.0,0
6734-PSBAW,1,0,1,0,72,1,2,0,2,2,2,2,2,2,2,1,2,23.55,1723.95,0
5947-SGKCL,2,0,1,1,15,1,2,2,0,1,1,0,1,1,0,1,2,105.35,1559.25,0
2272-WUSPA,2,0,1,0,72,1,2,2,1,1,1,0,1,1,2,1,0,110.75,7751.7,0
8058-DMYRU,1,1,0,0,54,1,2,2,0,1,0,0,0,1,0,1,0,90.05,4931.8,0
9681-OXGVC,2,0,0,0,5,1,2,2,0,0,1,0,1,1,0,1,0,100.5,514.0,1
1767-CJKBA,1,0,0,0,66,1,2,0,2,2,2,2,2,2,2,0,1,25.1,1697.7,0
6765-MBQNU,2,0,1,0,26,1,2,0,2,2,2,2,2,2,1,0,1,26.0,684.05,0
5035-PGZXH,2,0,0,0,56,1,2,2,0,1,1,0,1,1,1,1,0,106.8,5914.4,0
3724-BSCVH,1,0,1,1,10,1,1,0,2,2,2,2,2,2,1,0,1,20.45,242.4,0
5429-LWCMV,2,0,0,0,12,1,2,2,0,1,0,0,0,1,0,1,0,89.15,1057.55,0
2599-CIPQE,1,0,1,1,71,1,1,2,1,1,1,1,1,1,2,0,3,109.3,7782.85,0
2302-ANTDP,2,1,1,0,48,1,2,2,1,1,1,1,1,1,0,0,0,117.45,5438.9,1
5730-DBDSI,1,0,0,0,66,1,1,0,2,2,2,2,2,2,2,0,2,19.7,1253.8,0
1227-UDMZR,2,0,1,0,72,1,2,1,1,1,1,1,1,1,2,1,2,91.15,6637.9,0
8510-BBWMU,2,0,0,0,41,1,1,0,2,2,2,2,2,2,1,1,1,19.75,806.95,0
1488-SYSFC,1,0,1,1,31,1,1,0,2,2,2,2,2,2,0,1,0,20.65,702.05,0
6856-RAURS,2,0,0,0,2,1,2,2,0,0,0,0,0,0,0,1,1,74.9,136.05,0
0265-EDXBD,1,1,1,0,32,1,2,2,0,0,0,0,0,0,0,1,0,74.9,2303.35,1
1899-VXWXM,1,0,0,0,48,1,2,2,0,1,1,0,1,1,1,1,3,106.1,5082.8,1
5260-UMPWX,2,0,1,1,26,1,1,0,2,2,2,2,2,2,0,1,3,20.25,493.95,0
6075-QMNRR,2,0,0,0,52,1,1,1,1,0,0,0,0,0,0,1,2,49.75,2535.55,0
4529-CKBCL,2,0,0,0,2,1,1,2,0,0,0,0,1,0,0,1,0,80.2,146.05,1
0475-RIJEP,1,0,0,0,43,1,2,2,0,1,0,0,0,0,0,1,0,77.85,3365.85,1
5896-NPFWW,1,0,1,1,3,1,1,1,0,0,1,0,0,0,0,1,0,50.15,168.15,1
9200-NLNPD,1,0,1,0,56,0,0,1,0,0,1,1,1,1,1,1,2,54.05,2959.8,0
8111-SLLHI,1,1,1,0,39,1,2,2,0,1,1,0,1,1,0,1,0,105.65,4284.8,1
9867-XOBQA,2,0,0,1,21,0,0,1,1,1,1,1,1,0,2,0,1,53.15,1183.2,0
4323-OHFOW,2,1,1,0,70,1,2,2,0,1,0,1,1,1,1,1,2,105.55,7195.35,0
7554-AKDQF,2,0,1,0,6,1,1,1,0,0,0,0,0,0,0,0,1,45.65,323.45,0
2789-CZANW,2,0,1,1,64,1,2,2,1,1,0,1,1,1,2,0,2,110.3,6997.3,0
3528-HFRIQ,1,1,1,0,71,0,0,1,0,1,1,0,1,1,0,1,2,52.3,3765.05,0
0114-IGABW,2,0,1,0,71,0,0,1,0,1,1,1,1,1,2,0,2,58.25,4145.9,0
1017-FBQMM,2,0,1,1,62,1,2,2,0,1,0,1,1,1,1,1,3,106.05,6703.5,0
6616-AALSR,2,0,1,1,65,1,2,2,1,0,1,0,1,1,2,1,3,104.3,6725.3,0
2074-GKOWZ,1,0,1,1,2,1,1,2,0,0,0,0,1,1,0,1,2,89.55,185.55,1
7077-XJMET,1,0,1,0,12,1,1,1,0,0,1,1,1,1,0,1,0,74.15,741.4,0
5402-HTOTQ,1,0,0,0,16,1,2,1,0,1,0,0,0,0,0,0,0,55.3,875.35,0
3363-EWLGO,2,0,0,0,5,1,1,0,2,2,2,2,2,2,0,0,1,19.95,109.6,0
0931-MHTEM,2,0,0,0,54,1,1,2,1,1,0,0,1,1,1,1,3,100.05,5299.65,0
6559-PDZLR,1,0,0,0,26,1,1,2,0,0,1,1,1,1,0,1,0,98.65,2537.0,0
9117-SHLZX,1,0,0,0,1,1,1,1,0,0,0,0,0,0,0,1,1,45.7,45.7,1
1934-MKPXS,1,0,1,1,33,1,1,0,2,2,2,2,2,2,1,0,3,20.1,620.55,0
3420-YJLQT,2,0,0,0,2,1,2,2,0,1,0,0,0,0,0,0,0,79.55,151.75,0
4237-CLSMM,1,0,1,0,2,1,1,0,2,2,2,2,2,2,0,0,1,20.0,38.0,0
7233-DRTRF,1,0,1,0,63,1,2,2,0,1,1,0,1,1,0,1,0,102.4,6444.05,0
3588-WSTTJ,2,1,0,0,35,1,2,2,1,0,0,0,1,1,0,1,0,99.05,3554.6,0
6128-AQBMT,1,1,1,0,41,0,0,1,0,1,1,0,1,1,0,1,0,53.95,2215.4,0
5281-BUZGT,1,1,0,0,36,1,2,2,1,0,0,0,1,0,0,1,0,90.85,3186.7,1
2665-NPTGL,2,1,1,0,26,1,2,2,0,0,1,0,1,1,0,1,2,98.1,2510.7,0
3393-FMZPV,2,0,0,0,25,1,2,2,0,1,0,0,1,1,0,1,0,100.25,2387.75,1
8060-HIWJJ,1,0,0,0,64,1,2,1,0,1,1,1,1,1,2,0,3,86.55,5632.55,0
4011-ARPHK,1,0,0,0,27,1,1,1,1,0,0,0,0,0,0,0,1,50.35,1411.35,0
9777-WJJPR,1,0,1,0,31,1,2,2,0,0,1,0,1,0,0,0,3,88.65,2683.2,0
1982-FEBTD,2,0,1,1,23,1,2,0,2,2,2,2,2,2,2,1,3,25.6,514.75,0
0906-QVPMS,1,0,1,0,72,1,2,2,1,1,1,1,1,1,2,0,2,115.15,8349.45,0
8200-KLNYW,2,0,1,0,21,1,1,1,1,0,1,1,1,1,1,0,1,80.9,1714.95,0
0486-HECZI,1,0,1,0,55,1,2,2,1,1,0,0,1,0,0,1,0,96.75,5238.9,1
